:020000040800F2
:1000000000500020312E0008212C0008292C000867
:10001000312C0008392C0008412C00080000000099
:10002000000000000000000000000000492C000853
:10003000552C000800000000612C00086D2C000801
:10004000792E0008792E0008792E0008792E0008F4
:10005000792E0008792E0008792E0008792E0008E4
:10006000792E0008792E0008792E0008792C0008D6
:10007000792E0008792E0008792E0008792E0008C4
:10008000792E0008792E00088D2C0008792E0008A2
:10009000792E0008792E0008792E0008792E0008A4
:1000A000792E0008792E0008792E0008792E000894
:1000B000792E0008792E0008792E0008792E000884
:1000C000792E0008792E0008792E0008792E000874
:1000D000792E0008792E0008792E0008792E000864
:1000E000792E0008792E0008792E00080000000003
:1000F0000000000000000000000000000000000000
:0C01000000000000000000005FF808F1A3
:1001100010B5054C237833B9044B13B10448AFF341
:1001200000800123237010BDD401002000000000D6
:100130004889000808B5034B1BB103490348AFF3D6
:10014000008008BD00000000D80100204889000898
:10015000034613F8012B002AFBD1181A0138704707
:1001600081F0004102E000BF83F0004330B54FEA68
:1001700041044FEA430594EA050F08BF90EA020FD5
:100180001FBF54EA000C55EA020C7FEA645C7FEA68
:10019000655C00F0E2804FEA5454D4EB5555B8BF8B
:1001A0006D420CDD2C4480EA020281EA030382EAFC
:1001B000000083EA010180EA020281EA0303362D8E
:1001C00088BF30BD11F0004F4FEA01314FF4801C61
:1001D0004CEA113102D0404261EB410113F0004F73
:1001E0004FEA03334CEA133302D0524263EB43032A
:1001F00094EA050F00F0A780A4F10104D5F1200EC8
:100200000DDB02FA0EFC22FA05F2801841F1000122
:1002100003FA0EF2801843FA05F359410EE0A5F1F6
:1002200020050EF1200E012A03FA0EFC28BF4CF027
:10023000020C43FA05F3C01851EBE37101F00045DD
:1002400007D54FF0000EDCF1000C7EEB00006EEBEA
:100250000101B1F5801F1BD3B1F5001F0CD3490874
:100260005FEA30004FEA3C0C04F101044FEA4452CB
:1002700012F5800F80F09A80BCF1004F08BF5FEA52
:10028000500C50F1000041EB045141EA050130BD32
:100290005FEA4C0C404141EB0101013C28BFB1F544
:1002A000801FE9D291F0000F04BF01460020B1FA8F
:1002B00081F308BF2033A3F10B03B3F120020CDA62
:1002C0000C3208DD02F1140CC2F10C0201FA0CF040
:1002D00021FA02F10CE002F11402D8BFC2F1200CA5
:1002E00001FA02F120FA0CFCDCBF41EA0C0190405B
:1002F000E41AA2BF01EB0451294330BD6FEA0404A4
:100300001F3C1CDA0C340EDC04F11404C4F120028E
:1003100020FA04F001FA02F340EA030021FA04F3A0
:1003200045EA030130BDC4F10C04C4F1200220FAF7
:1003300002F001FA04F340EA0300294630BD21FA35
:1003400004F0294630BD94F0000F83F4801306BFFB
:1003500081F480110134013D4EE77FEA645C18BFEF
:100360007FEA655C29D094EA050F08BF90EA020F86
:1003700005D054EA000C04BF1946104630BD91EA7E
:10038000030F1EBF0021002030BD5FEA545C05D181
:100390004000494128BF41F0004130BD14F58004C0
:1003A0003CBF01F5801130BD01F0004545F0FE4134
:1003B00041F470014FF0000030BD7FEA645C1ABF69
:1003C000194610467FEA655C1CBF0B46024650EAA0
:1003D000013406BF52EA033591EA030F41F40021CC
:1003E00030BD00BF90F0000F04BF0021704730B552
:1003F0004FF4806404F132044FF000054FF0000127
:1004000050E700BF90F0000F04BF0021704730B5E7
:100410004FF4806404F1320410F0004548BF4042BC
:100420004FF000013EE700BF42004FEAE2014FEA11
:1004300031014FEA02701FBF12F07F4393F07F4FEC
:1004400081F06051704732F07F4208BF704793F0EF
:100450007F4F04BF41F40021704730B54FF4607402
:1004600001F0004521F000411CE700BF50EA010205
:1004700008BF704730B54FF000050AE050EA0102AE
:1004800008BF704730B511F0004502D5404261EB1E
:1004900041014FF4806404F132045FEA915C3FF45F
:1004A000D8AE4FF003025FEADC0C18BF03325FEAFC
:1004B000DC0C18BF033202EBDC02C2F1200300FAAD
:1004C00003FC20FA02F001FA03FE40EA0E0021FAD2
:1004D00002F11444BDE600BF70B54FF0FF0C4CF4C0
:1004E000E06C1CEA11541DBF1CEA135594EA0C0F72
:1004F00095EA0C0F00F0DEF82C4481EA030621EAAD
:100500004C5123EA4C5350EA013518BF52EA0335E7
:1005100041F4801143F4801338D0A0FB02CE4FF099
:100520000005E1FB02E506F00042E0FB03E54FF0C9
:100530000006E1FB03569CF0000F18BF4EF0010EC1
:10054000A4F1FF04B6F5007F64F5407404D25FEABD
:100550004E0E6D4146EB060642EAC62141EA555170
:100560004FEAC52040EA5E504FEACE2EB4F1FD0CB2
:1005700088BFBCF5E06F1ED8BEF1004F08BF5FEA30
:10058000500E50F1000041EB045170BD06F00046E2
:1005900046EA010140EA020081EA0301B4EB5C048F
:1005A000C2BFD4EB0C0541EA045170BD41F4801187
:1005B0004FF0000E013C00F3AB8014F1360FDEBFAC
:1005C000002001F0004170BDC4F10004203C35DA88
:1005D0000C341BDC04F11404C4F1200500FA05F30B
:1005E00020FA04F001FA05F240EA020001F00042AC
:1005F00021F0004110EBD37021FA04F642EB060122
:100600005EEA430E08BF20EAD37070BDC4F10C044B
:10061000C4F1200500FA04F320FA05F001FA04F20F
:1006200040EA020001F0004110EBD37041F10001FB
:100630005EEA430E08BF20EAD37070BDC4F1200506
:1006400000FA05F24EEA020E20FA04F301FA05F26E
:1006500043EA020321FA04F001F0004121FA04F216
:1006600020EA020000EBD3705EEA430E08BF20EAE6
:10067000D37070BD94F0000F0FD101F00046400020
:1006800041EB010111F4801F08BF013CF7D041EAA2
:10069000060195F0000F18BF704703F000465200A6
:1006A00043EB030313F4801F08BF013DF7D043EA77
:1006B0000603704794EA0C0F0CEA135518BF95EA2D
:1006C0000C0F0CD050EA410618BF52EA4306D1D1B4
:1006D00081EA030101F000414FF0000070BD50EAD3
:1006E000410606BF1046194652EA430619D094EA5D
:1006F0000C0F02D150EA013613D195EA0C0F05D147
:1007000052EA03361CBF104619460AD181EA03019A
:1007100001F0004141F0FE4141F470014FF0000052
:1007200070BD41F0FE4141F4780170BD70B54FF0ED
:10073000FF0C4CF4E06C1CEA11541DBF1CEA13556D
:1007400094EA0C0F95EA0C0F00F0A7F8A4EB05044F
:1007500081EA030E52EA03354FEA013100F0888046
:100760004FEA03334FF0805545EA131343EA12630F
:100770004FEA022245EA111545EA10654FEA0026C4
:100780000EF000419D4208BF964244F1FD0404F57D
:10079000407402D25B084FEA3202B61A65EB0305D9
:1007A0005B084FEA32024FF480104FF4002CB6EB96
:1007B000020E75EB030E22BFB61A754640EA0C0016
:1007C0005B084FEA3202B6EB020E75EB030E22BF56
:1007D000B61A754640EA5C005B084FEA3202B6EB97
:1007E000020E75EB030E22BFB61A754640EA9C0056
:1007F0005B084FEA3202B6EB020E75EB030E22BF26
:10080000B61A754640EADC0055EA060E18D04FEAE3
:10081000051545EA16754FEA06164FEAC30343EA83
:1008200052734FEAC2025FEA1C1CC0D111F4801F50
:100830000BD141EA00014FF000004FF0004CB6E749
:1008400011F4801F04BF01430020B4F1FD0C88BFE8
:10085000BCF5E06F3FF6AFAEB5EB030C04BFB6EBF3
:10086000020C5FEA500C50F1000041EB045170BDE6
:100870000EF0004E4EEA113114EB5C04C2BFD4EB13
:100880000C0541EA045170BD41F480114FF0000E97
:10089000013C90E645EA060E8DE60CEA135594EA13
:1008A0000C0F08BF95EA0C0F3FF43BAF94EA0C0F16
:1008B0000AD150EA01347FF434AF95EA0C0F7FF48B
:1008C00025AF104619462CE795EA0C0F06D152EADF
:1008D00003353FF4FDAE1046194622E750EA4106C3
:1008E00018BF52EA43067FF4C5AE50EA41047FF4D4
:1008F0000DAF52EA43057FF4EBAE12E74FF0FF3C39
:1009000006E000BF4FF0010C02E000BF4FF0010C09
:100910004DF804CD4FEA410C7FEA6C5C4FEA430C82
:1009200018BF7FEA6C5C1BD001B050EA410C0CBFD1
:1009300052EA430C91EA030F02BF90EA020F002033
:10094000704710F1000F91EA030F58BF994208BF9A
:1009500090422CBFD8176FEAE37040F00100704757
:100960004FEA410C7FEA6C5C02D150EA013C07D1AE
:100970004FEA430C7FEA6C5CD6D152EA033CD3D0F9
:100980005DF8040B704700BF8446104662468C46F3
:100990001946634600E000BF01B5FFF7B7FF002826
:1009A00048BF10F1000F01BD4DF808EDFFF7F4FF4F
:1009B0000CBF012000205DF808FB00BF4DF808EDDA
:1009C000FFF7EAFF34BF012000205DF808FB00BFFD
:1009D0004DF808EDFFF7E0FF94BF012000205DF81F
:1009E00008FB00BF4DF808EDFFF7CEFF94BF0120D4
:1009F00000205DF808FB00BF4DF808EDFFF7C4FFCD
:100A000034BF012000205DF808FB00BF4FEA410C15
:100A10007FEA6C5C02D150EA013C0AD14FEA430CF8
:100A20007FEA6C5C02D152EA033C02D14FF0000035
:100A300070474FF0010070474FEA410212F5001273
:100A400015D211D56FF47873B3EB625212D94FEA15
:100A5000C12343F0004343EA505311F0004F23FAFF
:100A600002F018BF404270474FF00000704750EA54
:100A7000013005D111F0004008BF6FF00040704711
:100A80004FF00000704700BF4FEA4102B2F1E0436F
:100A900024BFB3F5001CDCF1FE5C0DD901F0004C65
:100AA0004FEAC0024CEA5070B2F1004F40EB8300B5
:100AB00008BF20F00100704711F0804F21D113F1E1
:100AC0003872BCBF01F00040704741F480114FEA1A
:100AD0005252C2F11802C2F1200C10FA0CF320FAA3
:100AE00002F018BF40F001004FEAC1234FEAD323C0
:100AF00003FA0CFC40EA0C0023FA02F34FEA43032A
:100B0000CCE77FEA625307D150EA01331EBF4FF0B2
:100B1000FE4040F44000704701F0004040F0FE40CD
:100B200040F40000704700BF80F0004002E000BFCA
:100B300081F0004142001FBF5FEA410392EA030FC8
:100B40007FEA226C7FEA236C6AD04FEA1262D2EB12
:100B50001363C1BFD218414048404140B8BF5B4217
:100B6000192B88BF704710F0004F40F4000020F0B0
:100B70007F4018BF404211F0004F41F4000121F0C6
:100B80007F4118BF494292EA030F3FD0A2F1010210
:100B900041FA03FC10EB0C00C3F1200301FA03F14E
:100BA00000F0004302D5494260EB4000B0F5000F71
:100BB00013D3B0F1807F06D340084FEA310102F130
:100BC0000102FE2A51D2B1F1004F40EBC25008BFE2
:100BD00020F0010040EA03007047490040EB0000AC
:100BE000013A28BFB0F5000FEDD2B0FA80FCACF1AD
:100BF000080CB2EB0C0200FA0CF0AABF00EBC250DA
:100C000052421843BCBFD0401843704792F0000FC7
:100C100081F4000106BF80F400000132013BB5E71A
:100C20004FEA41037FEA226C18BF7FEA236C21D090
:100C300092EA030F04D092F0000F08BF08467047F5
:100C400090EA010F1CBF0020704712F07F4F04D1C3
:100C5000400028BF40F00040704712F100723CBFD6
:100C600000F50000704700F0004343F0FE4040F400
:100C7000000070477FEA226216BF08467FEA2363BE
:100C80000146420206BF5FEA412390EA010F40F4A9
:100C9000800070474FF0000304E000BF10F00043F5
:100CA00048BF40425FEA000C08BF704743F09643DC
:100CB00001464FF000001CE050EA010208BF7047F7
:100CC0004FF000030AE000BF50EA010208BF70477E
:100CD00011F0004302D5404261EB41015FEA010C93
:100CE00002BF84460146002043F0B64308BFA3F18B
:100CF0008053A3F50003BCFA8CF2083AA3EBC2536D
:100D000010DB01FA02FC634400FA02FCC2F120028B
:100D1000BCF1004F20FA02F243EB020008BF20F0C2
:100D20000100704702F1200201FA02FCC2F1200228
:100D300050EA4C0021FA02F243EB020008BF20EA1D
:100D4000DC7070474FF0FF0C1CEAD0521EBF1CEA4B
:100D5000D15392EA0C0F93EA0C0F6FD01A4480EA39
:100D6000010C400218BF5FEA41211ED04FF0006322
:100D700043EA501043EA5111A0FB01310CF000404E
:100D8000B1F5000F3EBF490041EAD3715B0040EA74
:100D9000010062F17F02FD2A1DD8B3F1004F40EB44
:100DA000C25008BF20F00100704790F0000F0CF017
:100DB000004C08BF49024CEA502040EA51207F3ADB
:100DC000C2BFD2F1FF0340EAC250704740F40000B6
:100DD0004FF00003013A5DDC12F1190FDCBF00F0A7
:100DE00000407047C2F10002410021FA02F1C2F155
:100DF000200200FA02FC5FEA310040F1000053EAF1
:100E00004C0308BF20EADC70704792F0000F00F03E
:100E1000004C02BF400010F4000F013AF9D040EA44
:100E20000C0093F0000F01F0004C02BF490011F4D8
:100E3000000F013BF9D041EA0C018FE70CEAD153D6
:100E400092EA0C0F18BF93EA0C0F0AD030F0004C56
:100E500018BF31F0004CD8D180EA010000F000400A
:100E6000704790F0000F17BF90F0004F084691F0C8
:100E7000000F91F0004F14D092EA0C0F01D1420202
:100E80000FD193EA0C0F03D14B0218BF084608D1CB
:100E900080EA010000F0004040F0FE4040F4000015
:100EA000704740F0FE4040F4400070474FF0FF0CA8
:100EB0001CEAD0521EBF1CEAD15392EA0C0F93EAEF
:100EC0000C0F69D0A2EB030280EA010C49024FEA41
:100ED000402037D04FF0805343EA111143EA1013FA
:100EE0000CF000408B4238BF5B0042F17D024FF4B2
:100EF000000C8B4224BF5B1A40EA0C00B3EB510F8D
:100F000024BFA3EB510340EA5C00B3EB910F24BF75
:100F1000A3EB910340EA9C00B3EBD10F24BFA3EBFA
:100F2000D10340EADC001B0118BF5FEA1C1CE0D1C2
:100F3000FD2A3FF650AF8B4240EBC25008BF20F075
:100F4000010070470CF0004C4CEA50207F32C2BFC9
:100F5000D2F1FF0340EAC250704740F400004FF066
:100F60000003013A37E792F0000F00F0004C02BF97
:100F7000400010F4000F013AF9D040EA0C0093F061
:100F8000000F01F0004C02BF490011F4000F013BBB
:100F9000F9D041EA0C0195E70CEAD15392EA0C0F23
:100FA00008D142027FF47DAF93EA0C0F7FF470AF5B
:100FB000084676E793EA0C0F04D14B023FF44CAF9E
:100FC00008466EE730F0004C18BF31F0004CCAD133
:100FD00030F000427FF45CAF31F000437FF43CAF6F
:100FE0005FE700BF4FF0FF3C06E000BF4FF0010C91
:100FF00002E000BF4FF0010C4DF804CD4FEA400273
:101000004FEA41037FEA226C18BF7FEA236C11D0BC
:1010100001B052EA530C18BF90EA010F58BFB2EB6F
:10102000030088BFC81738BF6FEAE17018BF40F0EF
:10103000010070477FEA226C02D15FEA402C05D1A3
:101040007FEA236CE4D15FEA412CE1D05DF8040B28
:10105000704700BF844608466146FFE70FB5FFF7BB
:10106000C9FF002848BF10F1000F0FBD4DF808ED73
:10107000FFF7F4FF0CBF012000205DF808FB00BF64
:101080004DF808EDFFF7EAFF34BF012000205DF8BE
:1010900008FB00BF4DF808EDFFF7E0FF94BF01200B
:1010A00000205DF808FB00BF4DF808EDFFF7D2FF08
:1010B00094BF012000205DF808FB00BF4DF808ED4B
:1010C000FFF7C8FF34BF012000205DF808FB00BF18
:1010D00042000ED2B2F1FE4F0BD34FF09E03B3EBA2
:1010E000126209D44FEA002343F0004323FA02F0CE
:1010F00070474FF00000704712F1610F01D14202BA
:1011000002D14FF0FF3070474FF00000704700BF32
:101110007BB972B90029BEBF00204FF0004106E044
:1011200008BF00281CBF6FF000414FF0FF3000F0F7
:10113000BFB9ADF1080C6DE904CE002909DB002B25
:101140001ADB00F035F8DDF804E0DDE9022304B035
:101150007047404261EB4101002B1BDB00F028F897
:10116000DDF804E0DDE9022304B0404261EB410117
:10117000524263EB43037047524263EB430300F078
:1011800017F8DDF804E0DDE9022304B0404261EB2A
:1011900041017047524263EB430300F009F8DDF868
:1011A00004E0DDE9022304B0524263EB43037047DD
:1011B0002DE9F047089D8E4604468846002B4AD10B
:1011C0008A42174662D9B2FA82F64EB1C6F12003BE
:1011D00001FA06F820FA03F3B74043EA0808B440DE
:1011E0004FEA174EB8FBFEF11FFA87FC0EFB118881
:1011F00001FB0CF2230C43EA08439A4209D9FB187D
:1012000001F1FF3080F0EB809A4240F2E880023931
:101210003B449A1AB2FBFEF00EFB102200FB0CFCC2
:10122000A3B243EA02439C4509D9FB1800F1FF32FF
:1012300080F0D7809C4540F2D4803B44023840EA9D
:1012400001400021A3EB0C031DB10022F340C5E9CE
:101250000032BDE8F0878B4205D90DB1C5E9000128
:1012600000210846F5E7B3FA83F1002946D173451A
:1012700002D3824200F20881841A6EEB030201203D
:101280009046002DE5D0C5E90048E2E7002A00F0CD
:101290009180B2FA82F6002E40F0A5808A1A0121D0
:1012A000030C4FEA174E80B2BCB2B2FBFEFC0EFB41
:1012B0001C2243EA024304FB0CF29A4207D9FB18B2
:1012C0000CF1FF3802D29A4200F2E380C4469B1A26
:1012D000B3FBFEF20EFB123302FB04F440EA0343BD
:1012E0009C4207D9FB1802F1FF3002D29C4200F267
:1012F000CD8002461B1B42EA0C40A5E7C1F1200647
:101300008B4022FA06F71F432EFA06FA4FEA1749D6
:10131000BAFBF9F80EFA01FE20FA06F309FB18AA47
:101320001FFA87FC43EA0E0300FA01FE08FB0CF0EB
:101330001C0C44EA0A44A04202FA01F20AD93C1900
:1013400008F1FF3A80F09E80A04240F29B80A8F115
:1013500002083C44241A98B2B4FBF9F309FB134485
:1013600003FB0CFC40EA0444A44509D93C1903F1F1
:10137000FF3080F08580A44540F28280023B3C44EF
:1013800043EA0840A4EB0C04A0FB028C64454346EE
:10139000E14664D361D05DB1BEEB030264EB0904A6
:1013A00004FA06F622FA01F31E43CC40C5E90064B4
:1013B00000214EE7B1FBF2FC010C41EA0E4180B284
:1013C00040EA01423B46B1FBF7F138463C46B8469D
:1013D000BE462026A2EB080241EA0C4165E7014621
:1013E00017E710462BE7C6F120012EFA01FCB740A3
:1013F0000EFA06FE20FA01F141EA0E014FEA174EFD
:10140000BCFBFEF8BCB20EFB18CC08FB04F90A0CBE
:1014100042EA0C42B04091454FEA104380B23ED9B7
:10142000BA1808F1FF3C01D291451FD8A2EB09027E
:10143000B2FBFEF909FB04F80EFB192A8AB242EA54
:101440000A42424529D2BA1809F1FF31C2D24245B7
:10145000C0D2A9F102013A44BCE7C6459BD2B8EB21
:1014600002036CEB070C0138E14694E7A7EB09098E
:101470004A44B2FBFEF9A8F1020C09FB04F8DBE7D1
:1014800003467DE7D04665E70846FAE63B44023A64
:1014900030E7ACF1020C3B4419E749469AE7A2EB6E
:1014A0000902B2FBFEF9C44609FB04F8C4E700BF19
:1014B000704700BF80B584B000AF78600D4B5B68AB
:1014C000FB6003F011FB03460B4AA2FB03239A0CBB
:1014D0007B6802FB03F3BB6000E000BF054B5A686A
:1014E000FB68D31ABA689A42F7D800BF00BF10371A
:1014F000BD4680BD001000E083DE1B4380B400AF1A
:10150000094BDB68084A43F08073D360074B002225
:101510005A60064B1B68054A43F00103136000BF85
:10152000BD4680BC704700BFF0ED00E0001000E059
:1015300080B584B000AFF860B9603B601346FB80B3
:10154000FB68BA681A60FB68FA889A80FB683A6898
:101550009A60FB683A8B9A81FB6800221A61FB68EB
:101560004FF07E525A61FB6880221A76FB689868B9
:10157000FB689B890022194602F0DDFE00BF103790
:10158000BD4680BD80B586B000AF786001F0CEFC6E
:10159000034603F57A73FB6007E001F0C7FC0246DF
:1015A000FB68934201D2002381E07B681A687B6864
:1015B0009B881946104602F0A7FE0346012BECD08B
:1015C00000237B610023FB7429E07B6898687B68BB
:1015D0009B890122194602F0AEFE0120FFF76AFF47
:1015E0007B695B007B617B6898687B689B890022D4
:1015F000194602F0A0FE0120FFF75CFF7B681A6825
:101600007B689B881946104602F07EFE0346012B3C
:1016100002D17B6901337B61FB7C0133FB74FB7C72
:10162000172BD2D90123BB747B681B7E802B02D180
:101630000123BB740CE07B681B7E402B02D103238B
:10164000BB7405E07B681B7E202B01D10223BB7499
:1016500000237B7418E07B6898687B689B89012273
:10166000194602F068FE0120FFF724FF7B689868A6
:101670007B689B890022194602F05DFE0120FFF77E
:1016800019FF7B7C01337B747A7CBB7C9A42E2D36A
:101690007B6903F40003002B04D07B6943F07F4394
:1016A0007B6103E07B6923F07F437B617B691846A4
:1016B0001837BD4680BD2DE9B04F86B000AF7860C9
:1016C0000B46FB70FB78002B01D10123FB704FF020
:1016D00000024FF00003C7E904230023FB7314E06A
:1016E0007868FFF74FFF0346DA171C461546D7E91F
:1016F000042312EB040843EB0509C7E90489002021
:1017000001F01EFCFB7B0133FB73FA7BFB789A42F2
:10171000E6D3FB7800229A46934652465B46D7E9C9
:101720000401FFF7F5FC02460B461346184618372E
:10173000BD46BDE8B08F80B584B000AF78600B4681
:10174000FB70FB7819467868FFF7B5FFF8607B6897
:10175000FA681A6100BF1037BD4680BD80B582B0FF
:1017600000AF786039604FF000013868FFF77EFC09
:101770000346002B03D17B683A685A6100E000BF42
:101780000837BD4680BD80B483B000AF7860396053
:101790007B683A681A6100BF0C37BD4680BC704751
:1017A00080B483B000AF78607B681B6918460C3743
:1017B000BD4680BC704790B585B000AF78600B46E1
:1017C000FB70FB7819467868FFF775FFF860F868DA
:1017D000FFF764FA04467B681B691846FFF75EFA58
:1017E000034619462046FFF7A3F903461A467B68CD
:1017F0005B6919461046FFF759FB0346BB60BB689F
:1018000018461437BD4690BD80B500AF0C2118486E
:1018100003F0C0FA0021164803F0BCFA144B1B6811
:101820005A6C134B1B6842F400425A643C21114825
:1018300003F0F4FB3C21104803F0F0FB0D4B1B6858
:101840005B6A1A460D4B1A600B4B1B685B6A1A46A3
:101850000B4B1A604FF000014FF0000000F096F8BB
:10186000032000F00FF8032000F04EF800BF80BD09
:10187000BC0200209403002004030020F00100209B
:10188000F401002080B582B000AF0346FB71FB7904
:10189000022B1CD0022B25DC002B02D0012B0BD0FD
:1018A00020E001220121174802F045FD002202211B
:1018B000144802F040FD20E000220121114802F00E
:1018C0003AFD012202210F4802F035FD15E0012208
:1018D00001210C4802F02FFD01220221094802F0EB
:1018E0002AFD0AE000220121064802F024FD002220
:1018F0000221044802F01FFD00BF00BF0837BD46AB
:1019000080BD00BF000C014080B582B000AF03462F
:10191000FB71FB79022B1CD0022B25DC002B02D0A3
:10192000012B0BD020E001222021174802F003FDFB
:1019300000224021144802F0FEFC20E00022202179
:10194000114802F0F8FC012240210F4802F0F3FC9C
:1019500015E0012220210C4802F0EDFC012240217B
:10196000094802F0E8FC0AE000222021064802F0C3
:10197000E2FC00224021044802F0DDFC00BF00BF71
:101980000837BD4680BD00BF0008014090B587B054
:1019900000AF786039604FF000017868FFF770FBA6
:1019A0000346002B02D04FF000037B602C4978687F
:1019B000FFF784FB0346002B01D0294B7B604FF0DF
:1019C00000013868FFF75CFB0346002B02D04FF0A4
:1019D00000033B6022493868FFF770FB0346002B89
:1019E00001D01F4B3B601F4B1B68DB6A7B611C49AE
:1019F0007868FFF75BFA03461C467B69013318469B
:101A0000FFF748F9034619462046FFF79BF90346BE
:101A10001846FFF75DFB03463B6111493868FFF745
:101A200045FA03461C467B6901331846FFF732F935
:101A3000034619462046FFF785F903461846FFF787
:101A400047FB0346FB60074B1B683A695A63054B2B
:101A50001B68FA681A6400BF1C37BD4690BD00BF02
:101A60000000C842BC02002080B588B000AF374BF0
:101A70001B685B6A7B61364B1B685B6A3B61354B5D
:101A80001B687A69D31AFB61FB69B3F5004F03DB6E
:101A9000FB69A3F58033FB61FB6913F5004F03DAA3
:101AA000FB6903F58033FB612B4B1B683A69D31A42
:101AB000BB61BB69B3F5004F03DBBB69A3F58033A2
:101AC000BB61BB6913F5004F03DABB6903F58033D3
:101AD000BB61204A7B6913601F4A3B6913601F4B3F
:101AE000FB601E4BBB60F869FFF7D8F80346F96846
:101AF0001846FFF727F9034619491846FFF7D6F9A4
:101B000003467B60B869FFF7C9F80346B968184611
:101B1000FFF718F9034612491846FFF7C7F90346BD
:101B20003B6010497868FFF70DF903461A460E4BE3
:101B30001A600C493868FFF705F903461A460B4B43
:101B40001A6000BF2037BD4680BD00BF940300204F
:101B500004030020F0010020F40100200C98463A14
:101B60000AD7233C00007042F8010020FC0100204D
:101B700080B400AF024B1B681846BD4680BC70475E
:101B8000F801002080B400AF024B1B681846BD4628
:101B900080BC7047FC01002080B500AFFFF7E8FF74
:101BA00003461846FEF740FC0DA3D3E90023FEF7D9
:101BB00093FC02460B46104619464FF000020A4BB2
:101BC000FEF7B4FD02460B4610461946FEF75CFFD1
:101BD000034683F00043184680BD00BFAFF300808A
:101BE000F8DF4F3D5723CA3F00004E400000000081
:101BF00080B500AFFFF7C6FF03461846FEF714FC9A
:101C00000BA3D3E90023FEF767FC02460B46104600
:101C100019464FF00002084BFEF788FD02460B46BE
:101C200010461946FEF730FF0346184680BD00BF38
:101C3000F8DF4F3D5723CA3F00004E400000000030
:101C400090B58BB000AF786039607B68FB613B6812
:101C5000BB614FF00001F869FFF730FA0346002B33
:101C600003D00020FFF70EFE0EE04FF00001F869F0
:101C7000FFF706FA0346002B03D00120FFF702FE10
:101C800002E00320FFF7FEFD4FF00001B869FFF707
:101C900015FA0346002B03D00020FFF735FE0EE0B7
:101CA0004FF00001B869FFF7EBF90346002B03D0B2
:101CB0000120FFF729FE02E00320FFF725FEFB6964
:101CC00023F000431846FEF7AFFB41A3D3E90023FE
:101CD000FEF72CFD02460B46104619464FF0000257
:101CE0003D4BFEF7F9FB02460B4610461946FEF740
:101CF000CBFE03467B62BB6923F000431846FEF728
:101D000093FB33A3D3E90023FEF710FD02460B46F5
:101D1000104619464FF000022F4BFEF7DDFB02463E
:101D20000B4610461946FEF7AFFE03463B622B49B1
:101D3000786AFFF7C3F90346002B01D0274B7B627B
:101D40002649386AFFF7BAF90346002B01D0234B26
:101D50003B62234B1B68DB6A7B612049786AFFF793
:101D6000A5F803461C467B6901331846FEF792FF2F
:101D7000034619462046FEF7E5FF03461846FFF7DF
:101D8000A7F903463B611549386AFFF78FF8034608
:101D90001C467B6901331846FEF77CFF0346194653
:101DA0002046FEF7CFFF03461846FFF791F903469A
:101DB000FB600B4B1B683A695A63094B1B68FA6856
:101DC0001A6400BF2C37BD4690BD00BFAFF3008042
:101DD0002ED0551F1E22F23F000059400000C8427D
:101DE000BC02002080B582B000AF78607868FEF752
:101DF000AFF903469AB24FF0FF337968034803F016
:101E000076FD00BF0837BD4680BD00BFDC03002063
:101E100080B582B000AF00237B6007E00D4A7B688D
:101E2000002122F813107B6801337B607B68042B50
:101E3000F4DD084B4FF00002DA60064B00221A82F4
:101E400005220549054801F025FA00BF0837BD46BF
:101E500080BD00BF000200202404002048020020B2
:101E600080B485B000AF78600023FB600EE00C4AC0
:101E7000FB6813441B781A460A4B33F812107B6830
:101E8000FA6823F81210FB680133FB60FB68042B2F
:101E9000EDDD00BF00BF1437BD4680BC704700BFFA
:101EA000F48A00082404002080B582B000AF786076
:101EB0007B681B68044A934202D10448FFF7D0FFB5
:101EC00000BF0837BD4680BD00240140000200204D
:101ED00080B598B002AFF860B9603B601346FB80F4
:101EE000F868FA88B7F8603000933B68B968FFF784
:101EF0001FFBFFF703FBFB687A6EDA61FB68BA6EC3
:101F00001A62FB68244A5A62FB68244A9A62FB6898
:101F1000234ADA62FB68234A1A63FA68FB68DB69C2
:101F200019461046FFF71AFCFA68FB681B6A194647
:101F30001046FFF728FC1C48FFF754FFFB680A21F6
:101F40001846FFF738FC7865786DFEF76DFA0246A3
:101F50000B4607F11400154904F0BAFB07F114030E
:101F60001846FFF73FFF7B6D23F000434FF07E5193
:101F70001846FFF7A3F80346002B05D00C48FFF7DF
:101F800031FFF86800F018F80A48FFF72BFF00BF90
:101F90005837BD4680BD00BFCDCC4C3E0000A041AF
:101FA00000007A440000FA44608900088C89000827
:101FB000B4890008F489000880B582B000AF786069
:101FC0007B680A211846FFF7B6FB7B681846FFF7C7
:101FD000E7FB02467B681A6200BF0837BD4680BD3A
:101FE000B0B5A4B004AF00F049FF00F0EDF800F088
:101FF00095FB00F075FB00F043F900F047FA00F0A4
:1020000045FB00F0B5F900F095FA00F0EBFA6148F5
:1020100001F092F8604B0293604B01934FF4007310
:1020200000935F4B4FF480725D495E48FFF750FFAD
:10203000FFF7EEFEFFF7E8FB5B48FFF7D3FE5B49D7
:102040005A48FFF7FDFD00F071FFF867002387F89D
:102050007B3000237B6700233B6700F067FFF86657
:10206000FA6E7B6FD31A092B03D9FB6E7B67FFF7E0
:10207000FBFC97F87B30042B67D801A252F823F0C1
:1020800095200008BB200008E12000080721000877
:102090002F21000845494548FFF7D2FDFA6EFB6F36
:1020A000D31AB3F5FA6F49D3012387F87B30FB6E5F
:1020B000FB673F48FFF796FE40E03C493D48FFF78D
:1020C000BFFDFA6EFB6FD31AB3F5FA6F38D3022354
:1020D00087F87B30FB6EFB673748FFF783FE2FE006
:1020E00034493248FFF7ACFDFA6EFB6FD31AB3F5F3
:1020F000FA6F27D3032387F87B30FB6EFB672F48EB
:10210000FFF770FE1EE029492848FFF799FDFA6E97
:10211000FB6FD31A41F28732934215D9042387F813
:102120007B30FB6EFB672648FFF75CFE0CE04FF050
:1021300000014FF00000FFF783FD06E000BF04E060
:1021400000BF02E000BF00E000BFFA6E3B6FD31A91
:10215000C72B82D9FB6E3B67FFF71EFDB866FFF702
:1021600047FD7866B86EFEF75FF904460D46786E57
:10217000FEF75AF902460B46381DCDE900232246E8
:102180002B46104904F0A4FA3B1D1846FFF72AFE1F
:1021900063E700BF48020020A918FBFF44DBCF43E0
:1021A000000C0140140200202C8A00089A99993EE4
:1021B000508A00088FC2F53C708A0008908A000897
:1021C000B48A0008CC8A000880B594B000AF07F14B
:1021D000280328220021184604F0DFFA07F114032F
:1021E00000221A605A609A60DA601A613B1D002270
:1021F0001A605A609A60DA600123BB624FF4803340
:10220000FB6200233B630123BB6302237B644FF427
:102210008033BB644FF4E013FB6407F128031846D6
:1022200002F0A2F80346002B01D000F0E5FA0F23DC
:102230007B610223BB610023FB614FF480633B623F
:102240004FF480637B6207F114030221184602F009
:102250000DFB0346002B01D000F0CEFA02237B6079
:102260004FF40043FB603B1D184602F08DFC034613
:10227000002B01D000F0C0FA00BF5037BD4680BD32
:1022800080B584B000AF3B1D00221A605A609A608E
:10229000354B364A1A60344B4FF480729A60324B99
:1022A00001221A73304B00221A752F4B4FF4602213
:1022B000DA612D4B00225A602B4B05221A612A4805
:1022C00000F062FE0346002B01D000F095FA0423D3
:1022D0007B600123BB600623FB603B1D194622483F
:1022E00001F090F90346002B01D000F085FA00239D
:1022F0007B600223BB603B1D19461B4801F082F93D
:102300000346002B01D000F077FA01237B60032302
:10231000BB603B1D1946144801F074F90346002BBD
:1023200001D000F069FA02237B600423BB603B1DEF
:1023300019460D4801F066F90346002B01D000F064
:102340005BFA03237B600523BB603B1D19460648EF
:1023500001F058F90346002B01D000F04DFA00BF00
:102360001037BD4680BD00BF480200200024014058
:1023700080B592B000AF07F1400300221A605A60A6
:1023800007F1240300221A605A609A60DA601A6129
:102390005A619A613B1D20220021184604F0FDF984
:1023A000384B394A1A60374B47225A60354B002266
:1023B0009A60344B6322DA60324B00221A61314B4F
:1023C00000225A612F4B80229A612E4802F092FC23
:1023D0000346002B01D000F00FFA00233B640023DA
:1023E0007B6407F140031946264803F081F9034650
:1023F000002B01D000F000FA60237B620023BB6257
:102400000023FB6200233B6300237B630023BB6349
:102410000023FB6307F1240300221946194802F048
:102420008BFE0346002B01D000F0E6F907F12403F0
:102430000C221946134802F07FFE0346002B01D000
:1024400000F0DAF900237B600023BB600023FB600F
:1024500000233B6100237B614FF40053BB610023E9
:102460003B623B1D1946074803F0A0F90346002BC9
:1024700001D000F0C1F9034800F032FB00BF48373B
:10248000BD4680BDBC020020002C014080B58CB050
:1024900000AF07F10C0324220021184604F07DF957
:1024A0003B1D00221A605A60214B4FF080421A6097
:1024B0001F4B00225A601E4B00229A601C4B4FF6A5
:1024C000FF72DA601A4B00221A61194B80229A615E
:1024D0000323FB6000233B6101237B610023BB617D
:1024E0000023FB6100233B6201237B620023BB626C
:1024F0000023FB6207F10C0319460D4802F0ECFCC7
:102500000346002B01D000F077F900237B60002305
:10251000BB603B1D1946064803F0EAF80346002B52
:1025200001D000F069F900BF3037BD4680BD00BF63
:102530000403002080B58AB000AF07F12003002219
:102540001A605A603B1D00221A605A609A60DA6075
:102550001A615A619A61214B214A1A601F4B472226
:102560005A601E4B00229A601C4B6322DA601B4BA0
:1025700000221A61194B80229A61184802F0BAFBB6
:102580000346002B01D000F037F900233B62002303
:102590007B6207F120031946104803F0A9F80346AF
:1025A000002B01D000F028F960237B600023BB6082
:1025B0000023FB6000237B613B1D04221946074872
:1025C00002F0BAFD0346002B01D000F015F90348D4
:1025D00000F086FA00BF2837BD4680BD4C030020BE
:1025E0000004004080B58CB000AF07F10C0324223A
:1025F0000021184604F0D1F83B1D00221A605A60F1
:10260000204B214A1A601F4B00225A601D4B0022AA
:102610009A601C4B4FF6FF72DA601A4B00221A6167
:10262000184B80229A610323FB6000233B61012346
:102630007B610023BB610023FB6100233B6201231C
:102640007B620023BB620023FB6207F10C03194687
:102650000C4802F041FC0346002B01D000F0CCF8FE
:1026600000237B600023BB603B1D1946054803F037
:102670003FF80346002B01D000F0BEF800BF303712
:10268000BD4680BD940300200008004080B500AF27
:10269000114B124A1A60104B4FF416525A600E4BEF
:1026A00000229A600C4B0022DA600B4B00221A6168
:1026B000094B0C225A61084B00229A61064B0022FA
:1026C000DA61054803F0C3F80346002B01D000F09F
:1026D00093F800BF80BD00BFDC030020003801403C
:1026E00080B582B000AF0C4B5B690B4A43F001032D
:1026F0005361094B5B6903F001037B607B68002237
:1027000000210B2001F057FA0B2001F070FA00BFF6
:102710000837BD4680BD00BF0010024080B588B0BC
:1027200000AF07F1100300221A605A609A60DA6065
:102730002E4B9B692D4A43F0200393612B4B9B69E1
:1027400003F02003FB60FB68284B9B69274A43F09A
:1027500004039361254B9B6903F00403BB60BB68D2
:10276000224B9B69214A43F0080393611F4B9B69ED
:1027700003F008037B607B68002260211C4801F0A5
:10278000DAFD002240F207211A4801F0D4FD60234F
:102790003B6101237B610023BB610223FB6107F1E5
:1027A00010031946124801F02BFC40F207233B614D
:1027B00001237B610023BB610223FB6107F110034E
:1027C00019460C4801F01CFC4FF480733B61002358
:1027D0007B610023BB6107F110031946054801F036
:1027E0000FFC00BF2037BD4680BD00BF0010024077
:1027F00000080140000C014080B400AF72B600BF79
:1028000000BFFDE780B485B000AF154B9B69144A4B
:1028100043F001039361124B9B6903F00103BB601A
:10282000BB680F4BDB690E4A43F08053D3610C4BFE
:10283000DB6903F080537B607B680A4B5B68FB605D
:10284000FB6823F0E063FB60FB6843F00073FB6010
:10285000044AFB68536000BF1437BD4680BC704714
:10286000001002400000014080B588B000AF7860E1
:1028700007F1100300221A605A609A60DA607B68E0
:102880001B682D4A934252D12C4B9B692B4A43F42F
:1028900000739361294B9B6903F40073FB60FB6831
:1028A000264B9B69254A43F004039361234B9B69A4
:1028B00003F00403BB60BB681F233B6103237B6100
:1028C00007F1100319461E4801F09AFB1D4B1E4AE2
:1028D0001A601C4B00225A601A4B00229A60194B56
:1028E0008022DA60174B4FF480721A61154B4FF457
:1028F00080625A61134B20229A61124B4FF40052AE
:10290000DA61104801F08EF90346002B01D0FFF781
:1029100073FF7B680B4A1A620A4A7B685362002283
:102920000021122001F047F9122001F060F900BFE8
:102930002037BD4680BD00BF00240140001002408A
:1029400000080140780200200800024080B485B0F1
:1029500000AF78607B681B68124A93420CD1124B1F
:102960009B69114A43F4006393610F4B9B6903F425
:102970000063FB60FB6810E07B681B680B4A9342B6
:102980000BD1094BDB69084A43F00203D361064BC4
:10299000DB6903F00203BB60BB6800BF1437BD46B0
:1029A00080BC7047002C0140001002400004004031
:1029B00080B58CB000AF786007F11C0300221A606C
:1029C0005A609A60DA607B681B68B3F1804F4FD120
:1029D0003E4BDB693D4A43F00103D3613B4BDB696E
:1029E00003F00103BB61BB69384B9B69374A43F075
:1029F00004039361354B9B6903F004037B617B699E
:102A0000324B9B69314A43F0080393612F4B9B691A
:102A100003F008033B613B694FF40043FB61002373
:102A20003B6200237B6207F11C031946284801F032
:102A3000E7FA0823FB6100233B6200237B6207F176
:102A40001C031946234801F0DBFA234B5B68FB6249
:102A5000FB6A23F44073FB62FB6A43F0E063FB62B2
:102A6000FB6A43F48073FB621B4AFB6A536028E0F5
:102A70007B681B68194A934223D1144BDB69134AC4
:102A800043F00403D361114BDB6903F00403FB60E3
:102A9000FB680E4B9B690D4A43F0080393610B4B97
:102AA0009B6903F00803BB60BB68C023FB61002384
:102AB0003B6200237B6207F11C031946054801F0C5
:102AC0009FFA00BF3037BD4680BD00BF00100240F6
:102AD00000080140000C01400000014000080040D7
:102AE00080B588B000AF786007F1100300221A604B
:102AF0005A609A60DA607B681B681F4A934219D15A
:102B00001E4B9B691D4A43F0040393611B4B9B6959
:102B100003F00403FB60FB684FF410633B61022386
:102B20007B610223FB6107F110031946144801F091
:102B300067FA1CE07B681B68124A934217D10F4B5F
:102B40009B690E4A43F0040393610C4B9B6903F0AD
:102B50000403BB60BB6880233B6102237B610223CB
:102B6000FB6107F110031946054801F049FA00BF5F
:102B70002037BD4680BD00BF002C01400010024040
:102B8000000801400004004080B588B000AF7860C4
:102B900007F1100300221A605A609A60DA607B68BD
:102BA0001B681C4A934231D11B4B9B691A4A43F460
:102BB00080439361184B9B6903F48043FB60FB687F
:102BC000154B9B69144A43F004039361124B9B69B4
:102BD00003F00403BB60BB684FF400733B61022346
:102BE0007B610323FB6107F1100319460B4801F0D9
:102BF00007FA4FF480633B6100237B610023BB61D4
:102C000007F110031946054801F0FAF900BF203713
:102C1000BD4680BD00380140001002400008014060
:102C200080B400AF00BFFDE780B400AF00BFFDE798
:102C300080B400AF00BFFDE780B400AF00BFFDE788
:102C400080B400AF00BFFDE780B400AF00BFBD4659
:102C500080BC704780B400AF00BFBD4680BC7047E9
:102C600080B400AF00BFBD4680BC704780B500AFE8
:102C700000F04AF900BF80BD80B500AF024801F006
:102C80008BF800BF80BD00BF7802002080B500AF88
:102C9000024800F0DDFB00BF80BD00BF48020020FD
:102CA00080B400AF01231846BD4680BC704780B594
:102CB00082B000AF7860396003F0C2FD034616228F
:102CC0001A604FF0FF3318460837BD4680BD80B507
:102CD00082B000AF78604FF0FF317868FFF7E7FF10
:102CE00000BFFDE780B586B000AFF860B9607A60DC
:102CF00000237B610AE0AFF300800146BB685A1CE9
:102D0000BA60CAB21A707B6901337B617A697B68E9
:102D10009A42F0DB7B6818461837BD4680BD80B507
:102D200086B000AFF860B9607A6000237B6109E08B
:102D3000BB685A1CBA601B781846AFF300807B69E9
:102D400001337B617A697B689A42F1DB7B681846C4
:102D50001837BD4680BD80B483B000AF78604FF0B7
:102D6000FF3318460C37BD4680BC704780B483B033
:102D700000AF786039603B684FF400525A6000231E
:102D800018460C37BD4680BC704780B483B000AF96
:102D90007860012318460C37BD4680BC704780B46C
:102DA00085B000AFF860B9607A6000231846143728
:102DB000BD4680BC7047000080B586B000AF78602B
:102DC000144A154BD31A7B617B693B61134B1B681B
:102DD000002B02D1114B124A1A60104B1A687B6803
:102DE00013443A699A4207D203F02AFD03460C22A3
:102DF0001A604FF0FF3309E0084B1B68FB60074B7C
:102E00001A687B681344054A1360FB681846183734
:102E1000BD4680BD005000200004000030040020AA
:102E20008805002080B400AF00BFBD4680BC70475D
:102E3000FFF7F8FF0B480C490C4A002302E0D45876
:102E4000C4500433C4188C42F9D3094A094C0023F6
:102E500001E013600432A242FBD303F0F7FCFFF75A
:102E6000BFF8704700000020D4010020AC8E00089D
:102E7000D401002084050020FEE7000080B500AFEB
:102E8000084B1B68074A43F010031360032000F04F
:102E900087FE0F2000F008F8FFF7B4FC0023184667
:102EA00080BD00BF0020024080B582B000AF7860D6
:102EB000124B1A68124B1B7819464FF47A73B3FB06
:102EC000F1F3B2FBF3F3184600F09FFE0346002B2C
:102ED00001D001230EE07B680F2B0AD8002279680D
:102EE0004FF0FF3000F067FE064A7B681360002356
:102EF00000E0012318460837BD4680BD00000020D1
:102F0000080000200400002080B400AF054B1B78AF
:102F10001A46054B1B681344034A136000BFBD46A5
:102F200080BC7047080000203404002080B400AF4B
:102F3000024B1B681846BD4680BC70473404002015
:102F400080B584B000AF7860FFF7F0FFB8607B68B1
:102F5000FB60FB68B3F1FF3F05D00A4B1B781A46B4
:102F6000FB681344FB6000BFFFF7E0FF0246BB684D
:102F7000D31AFA689A42F7D800BF00BF1037BD468F
:102F800080BD00BF0800002080B586B000AF78602B
:102F90000023FB7500233B610023BB600023FB6023
:102FA0007B68002B01D10123BEE07B689B68002B6E
:102FB0007B689B6A002B09D17B680022DA627B6800
:102FC000002283F824207868FFF74EFC786800F030
:102FD0006BFC0346FB757B689B6A03F01003002BB8
:102FE00040F09980FB7D002B40F095807B689B6AC8
:102FF00023F4885323F0020343F002027B689A62B1
:103000007B685A687B68DB691A437B681B7B5B00C3
:103010001343BA681343BB607B689B68B3F5807F3A
:1030200003D07B689B68012B02D14FF4807300E0D2
:1030300000233A6913433B617B681B7D012B19D147
:103040007B681B7B002B09D17B689B69013B5A0382
:103050003B69134343F400633B610BE07B689B6A6D
:1030600043F020027B689A627B68DB6A43F00102CE
:103070007B68DA627B681B685B6823F469417B6864
:103080001B683A690A435A607B681B689A68284B38
:1030900013407A681268B9680B4393607B689B6839
:1030A000B3F5807F03D07B689B68012B04D17B68DC
:1030B0001B69013B1B05FB607B681B68DB6A23F413
:1030C00070017B681B68FA680A43DA627B681B68D8
:1030D0009A68184B1340BA689A420BD17B68002259
:1030E000DA627B689B6A23F0030343F001027B688A
:1030F0009A6218E07B689B6A23F0120343F0100287
:103100007B689A627B68DB6A43F001027B68DA6263
:103110000123FB7507E07B689B6A43F010027B6824
:103120009A620123FB75FB7D18461837BD4680BDAA
:10313000FDF7E1FFFE0E1FFF80B584B000AF7860A1
:103140000023FB737B6893F82430012B01D1022309
:1031500098E07B68012283F82420786800F04AFB1D
:103160000346FB73FB7B002B40F087807B689B6AE8
:1031700023F4407323F0010343F480727B689A6266
:103180007B681B68414A934205D1414B5B6803F45D
:103190007023002B15D17B689B6A23F480127B6817
:1031A0009A627B681B685B6803F48063002B26D0FF
:1031B0007B689B6A23F4405343F480527B689A6295
:1031C0001DE07B689B6A43F480127B689A627B688F
:1031D0001B682F4A934204D07B681B682B4A93429A
:1031E0000DD12B4B5B6803F48063002B07D07B6809
:1031F0009B6A23F4405343F480527B689A627B6855
:103200009B6A03F48053002B06D07B68DB6A23F0B3
:1032100006027B68DA6202E07B680022DA627B6881
:10322000002283F824207B681B686FF002021A607A
:103230007B681B689B6803F46023B3F5602F13D190
:103240007B681B68114A934205D1114B5B6803F4FC
:103250007023002B08D17B681B689A687B681B6809
:1032600042F4A0029A600CE07B681B689A687B6855
:103270001B6842F480129A6003E07B68002283F8A6
:103280002420FB7B18461037BD4680BD0028014036
:103290000024014080B586B000AFF860B9607A6064
:1032A0000023FB75FB681B68644A934204D0FB68EB
:1032B0001B68634A934206D1604B5B6803F470233A
:1032C000002B40F0B380FB6893F82430012B01D130
:1032D0000223AEE0FB68012283F82420F86800F0A6
:1032E00089FA0346FB75FB7D002B40F09A80FB6852
:1032F0009B6A23F4706323F0010343F48072FB683C
:103300009A62FB681B684E4A934205D14B4B5B683F
:1033100003F47023002B15D1FB689B6A23F4801201
:10332000FB689A62FB681B685B6803F48063002B90
:1033300026D0FB689B6A23F4405343F48052FB6819
:103340009A621DE0FB689B6A43F48012FB689A62F4
:10335000FB681B68394A934204D0FB681B68384AF3
:1033600093420DD1354B5B6803F48063002B07D08B
:10337000FB689B6A23F4405343F48052FB689A62D3
:10338000FB689B6A03F48053002B06D0FB68DB6A62
:1033900023F00602FB68DA6202E0FB680022DA62D0
:1033A000FB68002283F82420FB681B6A254A9A6286
:1033B000FB681B6A244ADA62FB681B6A234A1A63A9
:1033C000FB681B686FF002021A60FB681B689A6852
:1033D000FB681B6842F480729A60FB68186AFB689D
:1033E0001B684C331946BA687B6800F075FCFB68B3
:1033F0001B689B6803F46023B3F5602F08D1FB685A
:103400001B689A68FB681B6842F4A0029A600FE090
:10341000FB681B689A68FB681B6842F480129A601C
:1034200006E0FB68002283F8242001E00123FB75FD
:10343000FB7D18461837BD4680BD00BF0024014003
:10344000002801402B390008A7390008C3390008BB
:1034500080B584B000AF78607B681B681B68FB6038
:103460007B681B685B68BB60BB6803F02003002BB4
:103470003ED0FB6803F00203002B39D07B689B6AC7
:1034800003F01003002B05D17B689B6A43F40072A4
:103490007B689A627B681B689B6803F46023B3F5C2
:1034A000602F1DD17B681B7B002B19D17B681B68AB
:1034B0005A687B681B6822F020025A607B689B6A0E
:1034C00023F480727B689A627B689B6A03F4805362
:1034D000002B05D17B689B6A43F001027B689A62EE
:1034E0007868FEF7E1FC7B681B686FF012021A60D7
:1034F000BB6803F08003002B4DD0FB6803F004038E
:10350000002B48D07B689B6A03F01003002B05D189
:103510007B689B6A43F400527B689A627B681B68F5
:103520009B6803F4E043B3F5E04F12D07B681B685F
:103530005B6803F48063002B25D17B681B689B6864
:1035400003F46023B3F5602F1DD17B681B7B002B38
:1035500019D17B681B685A687B681B6822F080025F
:103560005A607B689B6A23F480527B689A627B680E
:103570009B6A03F48073002B05D17B689B6A43F040
:1035800001027B689A62786800F035FA7B681B68F4
:103590006FF00C021A60BB6803F04003002B12D0DE
:1035A000FB6803F00103002B0DD07B689B6A43F49A
:1035B00080327B689A62786800F012F87B681B683A
:1035C0006FF001021A6000BF1037BD4680BD80B4A5
:1035D00083B000AF786000BF0C37BD4680BC704739
:1035E00080B483B000AF786000BF0C37BD4680BCAC
:1035F000704780B483B000AF786000BF0C37BD4621
:1036000080BC704780B485B000AF7860396000231B
:10361000FB730023BB607B6893F82430012B01D13E
:103620000223DCE07B68012283F824203B685B688E
:10363000062B1CD87B681B68596B3B685A6813467D
:103640009B001344053B1F2202FA03F3DB4319409E
:103650003B6818683B685A6813469B001344053B57
:1036600000FA03F27B681B680A435A633CE03B683C
:103670005B680C2B1CD87B681B68196B3B685A680D
:1036800013469B001344233B1F2202FA03F3DB4340
:1036900019403B6818683B685A6813469B001344FE
:1036A000233B00FA03F27B681B680A431A631BE0A2
:1036B0007B681B68D96A3B685A6813469B001344B1
:1036C000413B1F2202FA03F3DB4319403B681868B1
:1036D0003B685A6813469B001344413B00FA03F2CF
:1036E0007B681B680A43DA623B681B68092B1CD99C
:1036F0007B681B68D9683B681A6813465B001344F3
:103700001E3B072202FA03F3DB4319403B6898682B
:103710003B681A6813465B0013441E3B00FA03F231
:103720007B681B680A43DA6019E07B681B681969CB
:103730003B681A6813465B001344072202FA03F33E
:10374000DB4319403B6898683B681A6813465B0086
:10375000134400FA03F27B681B680A431A613B6852
:103760001B68102B03D03B681B68112B32D17B6880
:103770001B681D4A934225D17B681B689B6803F434
:103780000003002B26D17B681B689A687B681B6846
:1037900042F400029A603B681B68102B1AD1134B4D
:1037A0001B68134AA2FB03239A0C13469B00134485
:1037B0005B00BB6002E0BB68013BBB60BB68002BE9
:1037C000F9D107E07B689B6A43F020027B689A622C
:1037D0000123FB737B68002283F82420FB7B1846BF
:1037E0001437BD4680BC7047002401400000002013
:1037F00083DE1B4380B584B000AF78600023FB609C
:103800000023BB607B681B689B6803F00103012BEE
:1038100040D07B681B689A687B681B6842F0010295
:103820009A601F4B1B681F4AA2FB03239B0CBB60C3
:1038300002E0BB68013BBB60BB68002BF9D1FFF71E
:1038400075FBF8601FE0FFF771FB0246FB68D31AB7
:10385000022B18D97B681B689B6803F00103012BBE
:1038600011D07B689B6A43F010027B689A627B6888
:10387000DB6A43F001027B68DA627B68002283F82E
:103880002420012307E07B681B689B6803F0010389
:10389000012BD8D1002318461037BD4680BD00BF8C
:1038A0000000002083DE1B4380B584B000AF786049
:1038B0000023FB607B681B689B6803F00103012BFE
:1038C0002ED17B681B689A687B681B6822F0010216
:1038D0009A60FFF72BFBF8601BE0FFF727FB02461F
:1038E000FB68D31A022B14D97B681B689B6803F012
:1038F0000103012B0DD17B689B6A43F010027B68AA
:103900009A627B68DB6A43F001027B68DA6201231A
:1039100007E07B681B689B6803F00103012BDCD088
:10392000002318461037BD4680BD80B584B000AF77
:1039300078607B685B6AFB60FB689B6A03F05003FE
:10394000002B27D1FB689B6A43F40072FB689A62E4
:10395000FB681B689B6803F46023B3F5602F15D1E7
:10396000FB681B7B002B11D1FB689B6A23F48072E0
:10397000FB689A62FB689B6A03F48053002B05D1B5
:10398000FB689B6A43F00102FB689A62F868FEF7E5
:103990008BFA04E0FB681B6A1B6B7868984700BFD2
:1039A0001037BD4680BD80B584B000AF78607B68BD
:1039B0005B6AFB60F868FFF70AFE00BF1037BD4680
:1039C00080BD80B584B000AF78607B685B6AFB60C7
:1039D000FB689B6A43F04002FB689A62FB68DB6A03
:1039E00043F00402FB68DA62F868FFF702FE00BFEA
:1039F0001037BD4680BD80B483B000AF786000BF93
:103A00000C37BD4680BC704780B485B000AF78608D
:103A10007B6803F00703FB600C4BDB68BB60BA6894
:103A20004FF6FF031340BB60FB681A02BB681343E9
:103A300043F0BF6343F40033BB60044ABB68D36008
:103A400000BF1437BD4680BC704700BF00ED00E0EA
:103A500080B400AF044BDB681B0A03F00703184671
:103A6000BD4680BC704700BF00ED00E080B483B06D
:103A700000AF0346FB7197F90730002B0BDBFB7996
:103A800003F01F02064997F907305B09012000FA8D
:103A900002F241F8232000BF0C37BD4680BC7047BE
:103AA00000E100E080B483B000AF03463960FB71F1
:103AB00097F90730002B0ADB3B68DAB20C4997F91B
:103AC00007301201D2B20B4483F800230AE03B68AE
:103AD000DAB20849FB7903F00F03043B1201D2B2BA
:103AE0000B441A7600BF0C37BD4680BC704700BF40
:103AF00000E100E000ED00E080B489B000AFF860C4
:103B0000B9607A60FB6803F00703FB61FB69C3F1EE
:103B10000703042B28BF0423BB61FB690433062B76
:103B200002D9FB69033B00E000237B614FF0FF32C9
:103B3000BB6902FA03F3DA43BB681A407B699A4017
:103B40004FF0FF317B6901FA03F3D9437B680B40E7
:103B5000134318462437BD4680BC704780B582B0F9
:103B600000AF78607B68013BB3F1807F01D3012314
:103B70000FE00A4A7B68013B53600F214FF0FF3092
:103B8000FFF790FF054B00229A60044B07221A6052
:103B9000002318460837BD4680BD00BF10E000E096
:103BA00080B582B000AF78607868FFF72DFF00BF66
:103BB0000837BD4680BD80B586B000AF0346B9600A
:103BC0007A60FB7300237B61FFF742FF78617A68BC
:103BD000B9687869FFF790FF024697F90F301146F0
:103BE0001846FFF75FFF00BF1837BD4680BD80B5A0
:103BF00082B000AF0346FB7197F907301846FFF714
:103C000035FF00BF0837BD4680BD80B582B000AF2C
:103C100078607868FFF7A2FF034618460837BD466C
:103C200080BD000080B485B000AF78600023FB60E9
:103C30007B68002B01D1012343E07B681B681A4697
:103C4000224B1344224AA2FB03231B099A007B68E0
:103C50001A647B681F4ADA637B68022283F821209A
:103C60007B681B681B68FB60FB6823F47F5323F0B1
:103C70003003FB607B685A687B689B681A437B68EB
:103C8000DB681A437B681B691A437B685B691A43CC
:103C90007B689B691A437B68DB691343FA681343AB
:103CA000FB607B681B68FA681A607B6800229A6375
:103CB0007B68012283F821207B68002283F8202082
:103CC000002318461437BD4680BC7047F8FFFDBF7F
:103CD000CDCCCCCC0000024080B586B000AFF860FF
:103CE000B9607A603B600023FB75FB6893F8203075
:103CF000012B01D102234BE0FB68012283F8202035
:103D0000FB6893F82130DBB2012B3AD1FB68022229
:103D100083F82120FB6800229A63FB681B681A68FD
:103D2000FB681B6822F001021A603B687A68B96878
:103D3000F86800F037F9FB68DB6A002B08D0FB68F5
:103D40001B681A68FB681B6842F00E021A600FE0DD
:103D5000FB681B681A68FB681B6822F004021A6083
:103D6000FB681B681A68FB681B6842F00A021A604D
:103D7000FB681B681A68FB681B6842F001021A6046
:103D800005E0FB68002283F820200223FB75FB7D01
:103D900018461837BD4680BD80B584B000AF786046
:103DA0007B68DB6B1B68FB607B681B681B68BB6008
:103DB0007B681B6C04229A40FB681340002B4FD099
:103DC000BB6803F00403002B4AD07B681B681B68A8
:103DD00003F02003002B07D17B681B681A687B68FF
:103DE0001B6822F004021A607B681B68664A9342D3
:103DF00029D07B681B68654A934222D07B681B6888
:103E0000634A93421AD07B681B68624A934212D07D
:103E10007B681B68604A93420AD07B681B685F4AD4
:103E2000934202D14FF480030EE04FF080630BE029
:103E30004FF4802308E04FF4804305E04FF48063A3
:103E400002E0402300E00423554A53607B68DB6AAC
:103E5000002B00F094807B68DB6A786898478EE0DE
:103E60007B681B6C02229A40FB681340002B56D0E3
:103E7000BB6803F00203002B51D07B681B681B68F2
:103E800003F02003002B0BD17B681B681A687B684A
:103E90001B6822F00A021A607B68012283F8212045
:103EA0007B681B68384A934229D07B681B68374A75
:103EB000934222D07B681B68354A93421AD07B68B4
:103EC0001B68344A934212D07B681B68324A934283
:103ED0000AD07B681B68314A934202D14FF4001329
:103EE0000EE04FF000730BE04FF4003308E04FF4A6
:103EF000005305E04FF4007302E0202300E00223AA
:103F0000274A53607B68002283F820207B689B6AE5
:103F1000002B34D07B689B6A786898472FE07B68D9
:103F20001B6C08229A40FB681340002B28D0BB680A
:103F300003F00803002B23D07B681B681A687B689A
:103F40001B6822F00E021A607B681A6C7B68DB6BC0
:103F5000012101FA02F25A607B6801229A637B68B0
:103F6000012283F821207B68002283F820207B68CF
:103F70001B6B002B04D07B681B6B7868984700BFD5
:103F800000BF1037BD4680BD080002401C00024043
:103F90003000024044000240580002406C000240E1
:103FA0000000024080B485B000AFF860B9607A606C
:103FB0003B60FB681A6CFB68DB6B012101FA02F2C3
:103FC0005A60FB681B683A685A60FB685B68102B94
:103FD00008D1FB681B687A689A60FB681B68BA683E
:103FE000DA6007E0FB681B68BA689A60FB681B68C8
:103FF0007A68DA6000BF1437BD4680BC70470000A5
:1040000080B48BB000AF7860396000237B620023FE
:104010003B6269E101227B6A02FA03F3FB613B68C0
:104020001B68FA691340BB61BA69FB699A4240F0A8
:1040300058813B685B689A4A93425ED0984A9342A3
:1040400075D8984A934258D0964A93426FD8964A68
:10405000934252D0944A934269D8944A93424CD0A6
:10406000924A934263D8924A934246D0904A9342EE
:104070005DD8122B2AD8122B59D801A252F823F05E
:10408000FB400008D5400008E7400008294100082F
:104090002F4100082F4100082F4100082F41000840
:1040A0002F4100082F4100082F4100082F41000830
:1040B0002F4100082F4100082F4100082F41000820
:1040C0002F410008DD400008F1400008794A934282
:1040D00013D02CE03B68DB683B6229E03B68DB687F
:1040E00004333B6224E03B68DB6808333B621FE03B
:1040F0003B68DB680C333B621AE03B689B68002B33
:1041000002D104233B6213E03B689B68012B05D17D
:1041100008233B627B68FA691A6109E008233B6265
:104120007B68FA695A6103E000233B6200E000BF4C
:10413000BB69FF2B01D87B6801E07B6804337B619E
:10414000BB69FF2B02D87B6A9B0002E07B6A083BBD
:104150009B003B617B691A680F213B6901FA03F3FD
:10416000DB431A40396A3B6901FA03F31A437B695E
:104170001A603B685B6803F08053002B00F0B1804D
:104180004D4B9B694C4A43F0010393614A4B9B6939
:1041900003F00103BB60BB68484A7B6A9B0802339B
:1041A00052F82330FB607B6A03F003039B000F226D
:1041B00002FA03F3DB43FA681340FB607B68404A72
:1041C000934213D07B683F4A93420DD07B683E4AAE
:1041D000934207D07B683D4A934201D1032306E016
:1041E000042304E0022302E0012300E000237A6AB2
:1041F00002F0030292009340FA681343FB602F49D8
:104200007B6A9B080233FA6841F823203B685B68AD
:1042100003F48013002B06D02D4B9A682C49BB6900
:1042200013438B6006E02A4B9A68BB69DB4328493D
:1042300013408B603B685B6803F40013002B06D0CF
:10424000234BDA682249BB691343CB6006E0204B5D
:10425000DA68BB69DB431E491340CB603B685B688F
:1042600003F40033002B06D0194B5A681849BB6978
:1042700013434B6006E0164B5A68BB69DB43144995
:1042800013404B603B685B6803F48033002B21D004
:104290000F4B1A680E49BB6913430B6021E000BF46
:1042A0000000321000003110000022100000211028
:1042B0000000121000001110001002400000014028
:1042C00000080140000C01400010014000140140B2
:1042D000000401400B4B1A68BB69DB4309491340DA
:1042E0000B607B6A01337B623B681A687B6A22FA47
:1042F00003F3002B7FF48EAE00BF00BF2C37BD460A
:1043000080BC70470004014080B485B000AF786085
:104310000B467B807B689A687B881340002B02D019
:104320000123FB7301E00023FB73FB7B184614376A
:10433000BD4680BC704780B483B000AF78600B4648
:104340007B8013467B707B78002B03D07A887B6858
:104350001A6103E07B881A047B681A6100BF0C377E
:10436000BD4680BC7047000080B586B000AF786065
:104370007B68002B01D1012372E27B681B6803F08C
:104380000103002B00F08780924B5B6803F00C0365
:10439000042B0CD08F4B5B6803F00C03082B12D15D
:1043A0008C4B5B6803F48033B3F5803F0BD1894BB2
:1043B0001B6803F40033002B6CD07B685B68002B18
:1043C00068D101234CE27B685B68B3F5803F06D17E
:1043D000804B1B687F4A43F4803313602EE07B6878
:1043E0005B68002B0CD17B4B1B687A4A23F480332B
:1043F0001360784B1B68774A23F4802313601DE019
:104400007B685B68B3F5A02F0CD1724B1B68714AB7
:1044100043F4802313606F4B1B686E4A43F4803370
:1044200013600BE06B4B1B686A4A23F48033136004
:10443000684B1B68674A23F4802313607B685B68C2
:10444000002B13D0FEF772FD386108E0FEF76EFD19
:1044500002463B69D31A642B01D9032300E25D4B6A
:104460001B6803F40033002BF0D014E0FEF75EFD70
:10447000386108E0FEF75AFD02463B69D31A642B07
:1044800001D90323ECE1534B1B6803F40033002BE9
:10449000F0D100E000BF7B681B6803F00203002B33
:1044A00063D04C4B5B6803F00C03002B0BD0494BE3
:1044B0005B6803F00C03082B1CD1464B5B6803F4CC
:1044C0008033002B16D1434B1B6803F00203002BF3
:1044D00005D07B681B69012B01D00123C0E13D4B56
:1044E0001B6823F0F8027B685B69DB0039491343E2
:1044F0000B603AE07B681B69002B20D0364B012211
:104500001A60FEF713FD386108E0FEF70FFD024662
:104510003B69D31A022B01D90323A1E12D4B1B6860
:1045200003F00203002BF0D02A4B1B6823F0F802A3
:104530007B685B69DB00274913430B6015E0264B62
:1045400000221A60FEF7F2FC386108E0FEF7EEFC8C
:1045500002463B69D31A022B01D9032380E11D4B8C
:104560001B6803F00203002BF0D17B681B6803F08B
:104570000803002B3AD07B689B69002B19D0174B9E
:1045800001221A60FEF7D2FC386108E0FEF7CEFC8B
:1045900002463B69D31A022B01D9032360E10D4B7C
:1045A0005B6A03F00203002BF0D0012000F0CEFA8A
:1045B0001CE00A4B00221A60FEF7B8FC38610FE0DD
:1045C000FEF7B4FC02463B69D31A022B08D9032339
:1045D00046E100BF00100240000042428004424217
:1045E000924B5B6A03F00203002BE9D17B681B68E6
:1045F00003F00403002B00F0A6800023FB758B4B17
:10460000DB6903F08053002B0DD1884BDB69874AAF
:1046100043F08053D361854BDB6903F08053BB606B
:10462000BB680123FB75824B1B6803F48073002B6E
:1046300018D17F4B1B687E4A43F480731360FEF7EA
:1046400075FC386108E0FEF771FC02463B69D31A3D
:10465000642B01D9032303E1754B1B6803F48073BA
:10466000002BF0D07B68DB68012B06D16F4B1B6AF7
:104670006E4A43F0010313622DE07B68DB68002B78
:104680000CD16A4B1B6A694A23F001031362674B22
:104690001B6A664A23F0040313621CE07B68DB6834
:1046A000052B0CD1614B1B6A604A43F00403136273
:1046B0005E4B1B6A5D4A43F0010313620BE05B4BE8
:1046C0001B6A5A4A23F001031362584B1B6A574A6C
:1046D00023F0040313627B68DB68002B15D0FEF720
:1046E00025FC38610AE0FEF721FC02463B69D31A3B
:1046F00041F28832934201D90323B1E04B4B1B6A4C
:1047000003F00203002BEED014E0FEF70FFC38613B
:104710000AE0FEF70BFC02463B69D31A41F28832ED
:10472000934201D903239BE0404B1B6A03F0020331
:10473000002BEED1FB7D012B05D13C4BDB693B4AC5
:1047400023F08053D3617B68DB69002B00F0878006
:10475000364B5B6803F00C03082B61D07B68DB6988
:10476000022B46D1334B00221A60FEF7DFFB386183
:1047700008E0FEF7DBFB02463B69D31A022B01D9A6
:1047800003236DE0294B1B6803F00073002BF0D16D
:104790007B681B6AB3F5803F08D1244B5B6823F428
:1047A00000327B689B68214913434B601F4B5B6859
:1047B00023F474127B68196A7B685B6A0B431B499C
:1047C00013434B601B4B01221A60FEF7AFFB3861AD
:1047D00008E0FEF7ABFB02463B69D31A022B01D976
:1047E00003233DE0114B1B6803F00073002BF0D056
:1047F00035E0104B00221A60FEF798FB386108E0A4
:10480000FEF794FB02463B69D31A022B01D903231E
:1048100026E0064B1B6803F00073002BF0D11EE06E
:104820007B68DB69012B07D1012319E000100240EE
:1048300000700040600042420B4B5B68FB60FB680D
:1048400003F480327B681B6A9A4206D1FB6803F44A
:1048500070127B685B6A9A4201D0012300E000235A
:1048600018461837BD4680BD0010024080B584B0A0
:1048700000AF786039607B68002B01D10123D0E064
:104880006A4B1B6803F007033A689A4210D9674BDA
:104890001B6823F0070265493B6813430B60634BB9
:1048A0001B6803F007033A689A4201D00123B8E07D
:1048B0007B681B6803F00203002B20D07B681B6819
:1048C00003F00403002B05D0594B5B68584A43F4AE
:1048D000E06353607B681B6803F00803002B05D07E
:1048E000534B5B68524A43F460535360504B5B68D0
:1048F00023F0F0027B689B684D4913434B607B6853
:104900001B6803F00103002B40D07B685B68012B20
:1049100007D1474B1B6803F40033002B15D101234B
:104920007FE07B685B68022B07D1414B1B6803F07B
:104930000073002B09D1012373E03D4B1B6803F08A
:104940000203002B01D101236BE0394B5B6823F09C
:1049500003027B685B68364913434B60FEF7E6FA57
:10496000F8600AE0FEF7E2FA0246FB68D31A41F269
:104970008832934201D9032353E02D4B5B6803F047
:104980000C027B685B689B009A42EBD1274B1B684B
:1049900003F007033A689A4210D2244B1B6823F0B5
:1049A000070222493B6813430B60204B1B6803F04E
:1049B00007033A689A4201D0012332E07B681B6802
:1049C00003F00403002B08D0194B5B6823F4E0626A
:1049D0007B68DB68164913434B607B681B6803F0F8
:1049E0000803002B09D0124B5B6823F460527B68EC
:1049F0001B69DB000E4913434B6000F021F80246AF
:104A00000B4B5B681B0903F00F030A49CB5C22FACE
:104A100003F3094A1360094B1B681846FEF744FA72
:104A2000002318461037BD4680BD00BF002002405D
:104A300000100240FC8A0008000000200400002052
:104A400080B487B000AF0023FB600023BB6000236D
:104A50007B6100237B6000233B611E4B5B68FB6036
:104A6000FB6803F00C03042B02D0082B03D027E0D3
:104A7000194B3B6127E0FB689B0C03F00F03174ABF
:104A8000D35C7B60FB6803F48033002B10D0114BA8
:104A90005B685B0C03F00103114AD35CBB607B686D
:104AA0000D4A03FB02F2BB68B2FBF3F37B6104E047
:104AB0007B680C4A02FB03F37B617B693B6102E08C
:104AC000054B3B6100BF3B6918461C37BD4680BCA7
:104AD000704700BF0010024000127A00148B0008DB
:104AE000248B000800093D0080B400AF024B1B6816
:104AF0001846BD4680BC70470000002080B500AF5E
:104B0000FFF7F2FF0246054B5B681B0A03F0070341
:104B10000349CB5C22FA03F3184680BD0010024023
:104B20000C8B000880B500AFFFF7DEFF0246054B97
:104B30005B68DB0A03F007030349CB5C22FA03F34B
:104B4000184680BD001002400C8B000880B485B070
:104B500000AF78600A4B1B680A4AA2FB03235B0A7A
:104B60007A6802FB03F3FB6000BFFB685A1EFA6021
:104B7000002BF9D100BF00BF1437BD4680BC704781
:104B800000000020D34D621080B586B000AF786081
:104B900000233B610023FB607B681B6803F001037B
:104BA000002B7DD00023FB754F4BDB6903F0805356
:104BB000002B0DD14C4BDB694B4A43F08053D36142
:104BC000494BDB6903F08053BB60BB680123FB7575
:104BD000464B1B6803F48073002B18D1434B1B68B2
:104BE000424A43F480731360FEF7A0F9386108E08D
:104BF000FEF79CF902463B69D31A642B01D90323C3
:104C00006DE03A4B1B6803F48073002BF0D0364BF9
:104C10001B6A03F44073FB60FB68002B2ED07B689B
:104C20005B6803F44073FA689A4227D02E4B1B6AE4
:104C300023F44073FB602E4B01221A602C4B0022A0
:104C40001A60294AFB681362FB6803F00103002B1A
:104C500014D0FEF76BF938610AE0FEF767F90246F7
:104C60003B69D31A41F28832934201D9032336E0DB
:104C70001D4B1B6A03F00203002BEED01A4B1B6A7C
:104C800023F440727B685B68174913430B62FB7D1A
:104C9000012B05D1144BDB69134A23F08053D361F8
:104CA0007B681B6803F00203002B08D00E4B5B6887
:104CB00023F440427B689B680B4913434B607B683D
:104CC0001B6803F01003002B08D0074B5B6823F42C
:104CD00080027B68DB68044913434B60002318465D
:104CE0001837BD4680BD00BF001002400070004074
:104CF0004004424280B582B000AF78607B68002BF0
:104D000001D1012341E07B6893F83D30DBB2002BF9
:104D100006D17B68002283F83C207868FDF716FEF8
:104D20007B68022283F83D207B681A687B68043325
:104D30001946104600F0C2FA7B68012283F846202B
:104D40007B68012283F83E207B68012283F83F20A4
:104D50007B68012283F840207B68012283F8412090
:104D60007B68012283F842207B68012283F843207C
:104D70007B68012283F844207B68012283F8452068
:104D80007B68012283F83D20002318460837BD4682
:104D900080BD000080B584B000AF786039603B68AA
:104DA000002B09D17B6893F83E30DBB2012B14BF96
:104DB00001230023DBB222E03B68042B09D17B688E
:104DC00093F83F30DBB2012B14BF01230023DBB289
:104DD00015E03B68082B09D17B6893F84030DBB2C3
:104DE000012B14BF01230023DBB208E07B6893F89A
:104DF0004130DBB2012B14BF01230023DBB2002BB7
:104E000001D001235EE03B68002B04D17B680222C5
:104E100083F83E2013E03B68042B04D17B68022218
:104E200083F83F200BE03B68082B04D17B6802220B
:104E300083F8402003E07B68022283F841207B68EE
:104E40001B6801223968184600F02EFC7B681B683D
:104E50001E4A934207D17B681B685A6C7B681B68AB
:104E600042F400425A647B681B68184A93420ED091
:104E70007B681B68B3F1804F09D07B681B68144ABC
:104E8000934204D07B681B68124A934211D17B681D
:104E90001B689B6803F00703FB60FB68062B10D0C0
:104EA0007B681B681A687B681B6842F001021A6005
:104EB00007E07B681B681A687B681B6842F0010288
:104EC0001A60002318461037BD4680BD002C0140F3
:104ED000000400400008004080B586B000AF786054
:104EE00039607B68002B01D1012393E07B6893F844
:104EF0003D30DBB2002B06D17B68002283F83C20DA
:104F00007868FDF755FD7B68022283F83D207B68B9
:104F10001B689B687A68126823F4804323F00703B8
:104F200093607B681A687B6804331946104600F06A
:104F3000C5F97B681B689B687B617B681B689B6904
:104F40003B617B681B681B6AFB603B681B687A6976
:104F500013437B613B6923F4407323F003033B61FC
:104F60003B689A683B689B691B0213433A69134389
:104F70003B613B6923F4406323F00C033B613B69D5
:104F800023F4704323F0F0033B613B68DA683B682D
:104F9000DB691B0213433A6913433B613B681B699E
:104FA0001A013B681B6A1B0313433A6913433B61B5
:104FB000FB6823F02203FB603B685A683B685B692F
:104FC0001B011343FA681343FB607B681B687A6913
:104FD0009A607B681B683A699A617B681B68FA680B
:104FE0001A627B68012283F846207B68012283F8DD
:104FF0003E207B68012283F83F207B68012283F8F2
:1050000042207B68012283F843207B68012283F8D9
:105010003D20002318461837BD4680BD80B584B0BA
:1050200000AF786039607B6893F83E30FB737B6833
:1050300093F83F30BB737B6893F842307B737B6897
:1050400093F843303B733B68002B10D1FB7B012B63
:1050500002D17B7B012B01D0012369E07B68022216
:1050600083F83E207B68022283F8422031E03B68CF
:10507000042B10D1BB7B012B02D13B7B012B01D038
:10508000012355E07B68022283F83F207B680222DF
:1050900083F843201DE0FB7B012B08D1BB7B012B58
:1050A00005D17B7B012B02D13B7B012B01D001235E
:1050B0003EE07B68022283F83E207B68022283F870
:1050C0003F207B68022283F842207B68022283F81B
:1050D00043203B68002B03D03B68042B08D00FE033
:1050E0007B681B6801220021184600F0DDFA16E0FB
:1050F0007B681B6801220421184600F0D5FA0EE0F7
:105100007B681B6801220021184600F0CDFA7B68FD
:105110001B6801220421184600F0C6FA00BF7B6814
:105120001B681A687B681B6842F001021A60002342
:1051300018461037BD4680BD80B586B000AFF86018
:10514000B9607A600023FB75FB6893F83C30012B53
:1051500001D10223AEE0FB68012283F83C207B688A
:105160000C2B00F29F8001A252F823F0A1510008FD
:10517000A5520008A5520008A5520008E1510008F8
:10518000A5520008A5520008A552000823520008A5
:10519000A5520008A5520008A55200086352000855
:1051A000FB681B68B968184600F0F6F8FB681B68D6
:1051B0009A69FB681B6842F008029A61FB681B68E9
:1051C0009A69FB681B6822F004029A61FB681B68FD
:1051D0009969BB681A69FB681B680A439A6164E0B5
:1051E000FB681B68B968184600F03CF9FB681B684F
:1051F0009A69FB681B6842F400629A61FB681B684D
:105200009A69FB681B6822F480629A61FB681B68DC
:105210009969BB681B691A02FB681B680A439A619B
:1052200043E0FB681B68B968184600F085F9FB6825
:105230001B68DA69FB681B6842F00802DA61FB68E8
:105240001B68DA69FB681B6822F00402DA61FB68FC
:105250001B68D969BB681A69FB681B680A43DA6175
:1052600023E0FB681B68B968184600F0CFF9FB68BB
:105270001B68DA69FB681B6842F40062DA61FB684C
:105280001B68DA69FB681B6822F48062DA61FB68DC
:105290001B68D969BB681B691A02FB681B680A4353
:1052A000DA6102E00123FB7500BFFB68002283F88E
:1052B0003C20FB7D18461837BD4680BD80B485B0C4
:1052C00000AF786039607B681B68FB607B682F4AA1
:1052D00093420BD07B68B3F1804F07D07B682C4A98
:1052E000934203D07B682B4A934208D1FB6823F09A
:1052F0007003FB603B685B68FA681343FB607B6884
:10530000224A93420BD07B68B3F1804F07D07B6871
:105310001F4A934203D07B681E4A934208D1FB6820
:1053200023F44073FB603B68DB68FA681343FB605F
:10533000FB6823F080023B685B691343FB607B687A
:10534000FA681A603B689A687B68DA623B681A6898
:105350007B689A627B680D4A934203D13B681A6965
:105360007B681A637B6801225A617B681B6903F0C2
:105370000103002B05D07B681B6923F001027B68C9
:105380001A6100BF1437BD4680BC7047002C014035
:10539000000400400008004080B487B000AF78608F
:1053A00039607B681B6A7B617B681B6A23F00102A2
:1053B0007B681A627B685B683B617B689B69FB600A
:1053C000FB6823F07003FB60FB6823F00303FB60C2
:1053D0003B681B68FA681343FB607B6923F0020398
:1053E0007B613B689B687A6913437B617B681C4ADD
:1053F00093420CD17B6923F008037B613B68DB6837
:105400007A6913437B617B6923F004037B617B68CA
:10541000134A934211D13B6923F480733B613B698A
:1054200023F400733B613B685B693A6913433B615A
:105430003B689B693A6913433B617B683A695A60F0
:105440007B68FA689A613B685A687B685A637B6834
:105450007A691A6200BF1C37BD4680BC704700BF26
:10546000002C014080B487B000AF786039607B6861
:105470001B6A7B617B681B6A23F010027B681A62DF
:105480007B685B683B617B689B69FB60FB6823F41E
:10549000E043FB60FB6823F44073FB603B681B68E0
:1054A0001B02FA681343FB607B6923F020037B61D6
:1054B0003B689B681B017A6913437B617B681D4ACB
:1054C00093420DD17B6923F080037B613B68DB68ED
:1054D0001B017A6913437B617B6923F040037B6185
:1054E0007B68144A934213D13B6923F480633B6188
:1054F0003B6923F400633B613B685B699B003A694D
:1055000013433B613B689B699B003A6913433B61D2
:105510007B683A695A607B68FA689A613B685A68A6
:105520007B689A637B687A691A6200BF1C37BD4644
:1055300080BC7047002C014080B487B000AF786019
:1055400039607B681B6A7B617B681B6A23F480720D
:105550007B681A627B685B683B617B68DB69FB6028
:10556000FB6823F07003FB60FB6823F00303FB6020
:105570003B681B68FA681343FB607B6923F4007384
:105580007B613B689B681B027A6913437B617B6884
:105590001D4A93420DD17B6923F400637B613B6814
:1055A000DB681B027A6913437B617B6923F48063A8
:1055B0007B617B68144A934213D13B6923F4805387
:1055C0003B613B6923F400533B613B685B691B0112
:1055D0003A6913433B613B689B691B013A6913437A
:1055E0003B617B683A695A607B68FA68DA613B68BC
:1055F0005A687B68DA637B687A691A6200BF1C3775
:10560000BD4680BC704700BF002C014080B487B00D
:1056100000AF786039607B681B6A3B617B681B6AFE
:1056200023F480527B681A627B685B687B617B68CD
:10563000DB69FB60FB6823F4E043FB60FB6823F459
:105640004073FB603B681B681B02FA681343FB60F6
:105650003B6923F400533B613B689B681B033A6939
:1056600013433B617B680F4A934209D17B6923F462
:1056700080437B613B685B699B017A6913437B6173
:105680007B687A695A607B68FA68DA613B685A68B5
:105690007B681A647B683A691A6200BF1C37BD4692
:1056A00080BC7047002C014080B487B000AFF86028
:1056B000B9607A60BB6803F01F03012202FA03F3AA
:1056C0007B61FB681A6A7B69DB431A40FB681A62DC
:1056D000FB681A6ABB6803F01F03796801FA03F3D9
:1056E0001A43FB681A6200BF1C37BD4680BC704776
:1056F00080B485B000AF786039607B6893F83C3047
:10570000012B01D1022346E07B68012283F83C2073
:105710007B68022283F83D207B681B685B68FB6026
:105720007B681B689B68BB60FB6823F07003FB60B1
:105730003B681B68FA681343FB607B681B68FA6868
:105740005A607B681B68164A93420ED07B681B68C0
:10575000B3F1804F09D07B681B68124A934204D092
:105760007B681B68104A93420CD1BB6823F080030E
:10577000BB603B685B68BA681343BB607B681B68AF
:10578000BA689A607B68012283F83D207B6800221A
:1057900083F83C20002318461437BD4680BC704770
:1057A000002C0140000400400008004080B485B097
:1057B00000AF786039600023FB607B6893F83C3071
:1057C000012B01D102233DE07B68012283F83C20BC
:1057D000FB6823F0FF023B68DB681343FB60FB6858
:1057E00023F440723B689B681343FB60FB6823F41F
:1057F00080623B685B681343FB60FB6823F40062D4
:105800003B681B681343FB60FB6823F480523B68D2
:105810001B691343FB60FB6823F400523B685B6920
:105820001343FB60FB6823F480423B68DB6913434E
:10583000FB607B681B68FA685A647B68002283F807
:105840003C20002318461437BD4680BC704780B505
:1058500082B000AF78607B68002B01D1012342E069
:105860007B6893F84130DBB2002B06D17B680022C5
:1058700083F840207868FDF787F97B68242283F855
:1058800041207B681B68DA687B681B6822F4005241
:10589000DA60786800F072F97B681B681A697B68C7
:1058A0001B6822F490421A617B681B685A697B6806
:1058B0001B6822F02A025A617B681B68DA687B68E1
:1058C0001B6842F40052DA607B6800225A647B68ED
:1058D000202283F841207B68202283F842207B68C5
:1058E00000225A63002318460837BD4680BD80B5A4
:1058F0008AB002AFF860B9603B601346FB800023BA
:105900007B61FB6893F84130DBB2202B75D1BB681B
:10591000002B02D0FB88002B01D101236EE0FB6835
:1059200000225A64FB68212283F84120FDF7FEFA29
:105930007861FB68FA889A84FB68FA88DA84FB68E5
:105940009B68B3F5805F08D1FB681B69002B04D10D
:105950000023FB61BB68BB6103E0BB68FB61002304
:10596000BB612EE03B6800937B6900228021F868D0
:1059700000F048F80346002B05D0FB68202283F88E
:10598000412003233AE0FB69002B0BD1BB691B8844
:105990001A46FB681B68C2F308025A60BB690233EF
:1059A000BB6107E0FB691A78FB681B685A60FB69FA
:1059B0000133FB61FB68DB8C9BB2013B9AB2FB6855
:1059C000DA84FB68DB8C9BB2002BCBD13B68009365
:1059D0007B6900224021F86800F014F80346002B90
:1059E00005D0FB68202283F84120032306E0FB68F2
:1059F000202283F84120002300E0022318462037AC
:105A0000BD4680BD80B586B000AFF860B9603B6030
:105A10001346FB713BE03B6AB3F1FF3F37D0FDF724
:105A200085FA02463B68D31A3A6A9A4202D33B6A25
:105A3000002B01D103233AE0FB681B68DB6803F00D
:105A40000403002B23D0BB68802B20D0BB68402BE5
:105A50001DD0FB681B681B6803F00803082B16D1D8
:105A600000237B61FB681B681B687B61FB681B680C
:105A70005B687B617B69F86800F01DF8FB680822B1
:105A80005A64FB68002283F8402001230FE0FB6882
:105A90001B681A68BB681340BA689A420CBF01239E
:105AA0000023DBB21A46FB799A42B4D00023184691
:105AB0001837BD4680BD80B495B000AF78607B6874
:105AC0001B680C337B637B6B53E8003F3B633B6B92
:105AD00023F49073FB647B681B680C33FA6C3A64A4
:105AE000FB63F96B3A6C41E80023BB63BB6B002B93
:105AF000E5D17B681B6814333B623B6A53E8003F87
:105B0000FB61FB6923F00103BB647B681B681433F2
:105B1000BA6CFA62BB62B96AFA6A41E800237B6236
:105B20007B6A002BE5D17B681B6B012B19D17B684D
:105B30001B680C33FB60FB6853E8003FBB60BB682D
:105B400023F010037B647B681B680C337A6CBA61AA
:105B50007B617969BA6941E800233B613B69002BAD
:105B6000E5D17B68202283F842207B6800221A63FB
:105B700000BF5437BD4680BC7047000080B584B07C
:105B800000AF78607B681B681B6923F440517B6819
:105B9000DA687B681B680A431A617B689A687B68CD
:105BA0001B691A437B685B691343BB607B681B6896
:105BB000DB6823F4B05323F00C037A681268B968E9
:105BC0000B43D3607B681B685B6923F440717B687F
:105BD0009A697B681B680A435A617B681B682C4A78
:105BE000934203D1FEF79EFFF86002E0FEF786FFC6
:105BF000F860FA6813469B0013449A001A447B68C5
:105C00005B689B00B2FBF3F3224AA2FB03235B0910
:105C10001901FA6813469B0013449A001A447B68E2
:105C20005B689B00B2FBF3F21A4BA3FB02035B0918
:105C3000642000FB03F3D31A1B013233154AA2FB85
:105C400003235B0903F0F0031944FA6813469B0031
:105C500013449A001A447B685B689B00B2FBF3F222
:105C60000C4BA3FB02035B09642000FB03F3D31A74
:105C70001B013233074AA2FB03235B0903F00F0227
:105C80007B681B680A449A6000BF1037BD4680BD20
:105C9000003801401F85EB51002B2DE9F0471D46D0
:105CA000BBBF03F100431D4600232D2388B01446DB
:105CB000B8BF1446129A109E1370149BDDF84CA0C6
:105CC00023F02008B8F1460F05D0B8F1450F00D1F8
:105CD0000136022300E0032307AA049206AACDE9B5
:105CE00002A2CDE9003622462B4600F06DFEB8F147
:105CF000470F074619D1119BDB070ED500EB0609AC
:105D00000022002320462946FAF74EFE08B1CDF8BE
:105D10001C903022079B4B451ED33846079B159A93
:105D2000DB1B136008B0BDE8F087B8F1460F00EB4D
:105D30000609E5D10378302B0AD100220023204642
:105D40002946FAF731FE18B9C6F10106CAF8006013
:105D5000DAF800309944D3E7591C07911A70D9E753
:105D6000F7B50029B6BF2D232B234942092902701C
:105D7000437029DD0DF107031D460A27B1FBF7F635
:105D80001A4607FB1614303402F8014C0C46632CFB
:105D9000314603F1FF33F1DC3031941E03F8011C6E
:105DA0002346411CAB420AD30DF109039B1AAC42B6
:105DB00088BF002302330344181A03B0F0BD13F860
:105DC000016B01F8016FEDE7302330318370C17052
:105DD000031DF1E72DE9F04F91B00C46DDF8688026
:105DE00016461F46054600F0E1FC03681846089376
:105DF000FAF7AEF900230E93D8F800300990073374
:105E000023F0070303F1080294F818A0D4F800B0B7
:105E1000C8F80020D3E9008929F000430B93CDF89E
:105E200028804FF0FF32DDE90A01C4E912899C4B5A
:105E3000FAF7ECFD70BBDDE90A014FF0FF32984B39
:105E4000FAF7C6FD30BB0022002340464946FAF768
:105E5000B5FD10B12D2384F84330924A924BBAF12C
:105E6000470F8CBF9046984603234FF000092361EB
:105E70002BF00403236033462146284600970FAADF
:105E800000F0D4F9013040F090804FF0FF3011B0B5
:105E9000BDE8F08F42464B4640464946FAF7B6FD0C
:105EA00048B14B46002BB8BF2D23804AB8BF84F8B9
:105EB00043307F4BD3E763680AF0DF015A1C3FD1C0
:105EC0000623636000224BF48063236006920EAACF
:105ED000CDE904A20DAA03920DF13302CDE90132FE
:105EE00063684246009328464B460A91FFF7D4FE6A
:105EF0000A99804647290D9928D1C81C02DB63689E
:105F0000994240DDAAF1020A5FFA8AFA5246013943
:105F100004F150000D91FFF723FF0E9A81461318EC
:105F2000012A236102DC2268D20701D501332361F3
:105F30009DF83330002B9ED02D2384F843309AE710
:105F40004729BFD1002BBDD10123BAE7BAF1650FB4
:105F5000DCD9BAF1660F18D1002963680BDD216125
:105F600013B92268D00702D501330B4423614FF0E7
:105F70000009A165DCE713B92268D20701D5023315
:105F8000F4E70123F2E74FF0670A0E9B994205DB25
:105F900023682161D807EAD54B1CE7E70029CCBF6D
:105FA0000122C1F102021344E0E723685A0507D435
:105FB0002369424631462846B84701302BD164E771
:105FC000BAF1650F40F2DC80D4E91201002200230F
:105FD000FAF7EAFC002833D0012331462846354A37
:105FE000B84701303FF451AFDDE90D38434502DBDE
:105FF0002368D8070FD5DDE9082331462846B8477E
:1060000001303FF442AF4FF0000908F1FF3804F1CE
:106010001A0AC84509DC23689B0700F10281E06881
:106020000F9B9842B8BF184631E7012352463146CC
:106030002846B84701303FF428AF09F10109E8E7E5
:106040000D9B002B38DC012331462846194AB847FE
:1060500001303FF41AAFDDE90D3959EA030302D1EB
:106060002368D907D7D5DDE9082331462846B84744
:1060700001303FF40AAF4FF0000A04F11A0B0D9BF8
:106080005B42534501DC4B4693E701235A463146B8
:106090002846B84701303FF4F8AE0AF1010AEEE7AE
:1060A000FFFFEF7F2A8B0008268B0008328B000849
:1060B0002E8B0008368B0008A36DDDF838A0534501
:1060C000A8BF5346002B994636DC4FF0000B29EA57
:1060D000E97904F11A02A36D0A93A3EB09035B4566
:1060E00031DC0D9B9A453ADC2368DA0737D40D9BE7
:1060F000AAEB03090A9BAAEB03039945A8BF99469B
:10610000B9F1000F33DC4FF0000829EAE97904F116
:106110001A0B0D9BAAEB0303A3EB090343457FF77F
:106120007AAF01235A4631462846B84701303FF43A
:10613000ACAE08F10108ECE7424631462846B847C4
:106140000130C2D1A1E60123314628460A92B84760
:1061500001303FF49AAE0A9A0BF1010BBBE73146CE
:10616000DDE908232846B8470130C0D18DE60A9AF8
:106170004B46314628464244B8470130C3D184E6F5
:10618000DDF838A0BAF1010F01DCDB0736D50123B9
:10619000424631462846B84701303FF476AEDDE945
:1061A000082331462846B84701303FF46EAED4E9A3
:1061B0001201002200230AF1FF3AFAF7F5FBC0B9F9
:1061C000534608F1010231462846B84701300CD148
:1061D0005BE601235A4631462846B84701303FF472
:1061E00054AE08F10108D045F3DB4B4604F15002F0
:1061F000E0E64FF0000804F11A0BF4E701234246F1
:10620000E1E701234A4631462846B84701303FF4CA
:106210003CAE08F10108E3680F995B1A4345F0DCD6
:10622000FDE64FF0000804F11909F4E72DE9F04705
:10623000164698468A680B6907469342B8BF1346CC
:10624000336091F843200C46DDF820900AB1013309
:1062500033602368990642BF336802333360256890
:1062600015F0060506D104F1190AE36832689B1A95
:10627000AB422BDC94F843302268003B18BF01236B
:10628000920630D44146384604F14302C8470130F3
:1062900023D02368226903F00603042B14BF0025D2
:1062A00033684FF0000608BFE56804F11A0408BF20
:1062B000ED1A54F8123C08BF25EAE5759342C4BFB5
:1062C0009B1AED18B5421AD1002008E0012352466E
:1062D00041463846C847013003D14FF0FF30BDE892
:1062E000F0870135C1E73020E11881F843005A1CDE
:1062F00094F845102244023382F84310C2E7012388
:10630000224641463846C8470130E6D00136D9E733
:106310002DE9FF470F7E9146782F80460C469A461E
:106320000C9E01F1430207D8622F0AD8002F00F01B
:10633000D180582F00F0B88004F1420684F84270F2
:106340003AE0A7F16303152BF6D801A151F823F029
:10635000A9630008BD6300083963000839630008B9
:106360003963000839630008BD6300083963000819
:10637000396300083963000839630008BB6400080A
:10638000E763000875640008396300083963000892
:10639000DD64000839630008E7630008396300081A
:1063A000396300087D64000833681A1D1B68326079
:1063B00004F1420684F8423001239CE033682068EF
:1063C000191D3160060601D51D6803E04506FBD5A1
:1063D000B3F90050002D03DA2D236D4284F84330C9
:1063E0000A23584811E021683368080653F8045B13
:1063F00002D4490648BFADB26F2F336014BF0A23E1
:1064000008235048002184F843106668002EA660D7
:1064100005DB21682E4321F0040121604BD0164694
:10642000B5FBF3F103FB1157C75D06F8017D2F465D
:10643000BB420D46F4D9082B0BD12368DF0708D5E2
:10644000236961689942DEBF302306F8013C06F1FA
:10645000FF36921B22614B4621464046CDF800A0F4
:1064600003AAFFF7E3FE01304AD14FF0FF3004B03A
:10647000BDE8F087236843F0200323607827324883
:1064800084F84570236831681F0651F8045B02D414
:106490005F0648BFADB23160D90744BF43F0200367
:1064A00023601DB11023ADE72648E9E7236823F0F8
:1064B00020032360F6E71646BDE733682568181DFC
:1064C000616930602E061B6801D5196002E068061C
:1064D000FBD51980002316462361BCE733680021F1
:1064E0001A1D32601E686268304600F0D6F908B1A5
:1064F000801B606063682361002384F84330AAE74F
:106500003246494640462369D0470130ADD0236822
:106510009B0713D4E068039B9842B8BF1846A6E7D0
:106520000123324649464046D04701309DD00135CF
:10653000E36803995B1AAB42F2DCEBE7002504F158
:106540001906F5E7388B0008498B0008002310B5C1
:106550000446C0E90033C0E90433836081814366A7
:10656000C2818361194608225C3000F016F90D4B98
:10657000246263620C4BA3620C4BE3620C4B2363FB
:106580000C4B9C4206D003F16802944202D0D033F7
:106590009C4205D104F15800BDE8104000F07AB9E2
:1065A00010BD00BF15670008376700086F67000857
:1065B0009367000838040020024A0349034800F0AA
:1065C00069B800BF0C000020118200081C000020E8
:1065D00041680C4B10B59942044601D001F018FEF9
:1065E000A168094B994202D0204601F011FEE168F2
:1065F000064B994204D02046BDE8104001F008BE89
:1066000010BD00BF38040020A004002008050020B1
:1066100010B50B4B0B4C0C4A20461A60042100228B
:10662000FFF794FF04F1680001220921FFF78EFFB4
:1066300004F1D0000222BDE810401221FFF786BF0E
:106640007005002038040020B9650008014800F0FA
:1066500022B900BF79050020014800F01DB900BF34
:106660007905002010B50446FFF7F0FF236A1BB13F
:10667000BDE81040FFF7F0BF044B2362044B1B68DA
:10668000002BF5D1FFF7C4FFF2E700BFD16500088A
:10669000700500202DE9F843074688461446002679
:1066A000D4E90195B9F1010905D52468002CF7D189
:1066B0003046BDE8F883AB89012B07D9B5F90E3018
:1066C000013303D029463846C04706436835E9E719
:1066D0000EB46FF0004110B500249DB01FAB0290C6
:1066E0000690079104910948094953F8042B059134
:1066F000006802A901931B9401F00EFC029B1C7020
:106700001DB0BDE8104003B0704700BF1800002066
:106710000802FFFF10B50C46B1F90E1000F06CF83E
:106720000028ABBF636DA3891B1823F48053ACBF53
:106730006365A38110BD2DE9F0411F468B89054695
:10674000DB050C46164605D502230022B1F90E10D2
:1067500000F040F8A389324623F48053A3812846F1
:106760003B46B4F90E10BDE8F04100F057B810B543
:106770000C46B1F90E1000F02DF8431CA38915BF8B
:10678000606523F4805343F48053A38118BFA38131
:1067900010BDB1F90E1000F00DB80346024493424B
:1067A00000D1704703F8011BF9E70000004870476B
:1067B0005801002038B50023054D044608462B60DB
:1067C000FCF7C9FA431C02D12B6803B1236038BD22
:1067D0007405002038B50446084611460022054DD0
:1067E0002A601A46FCF7DBFA431C02D12B6803B17E
:1067F000236038BD7405002038B5044608461146AC
:106800000022054D2A601A46FCF76CFA431C02D19F
:106810002B6803B1236038BD7405002038B50446E9
:10682000084611460022054D2A601A46FCF777FA01
:10683000431C02D12B6803B1236038BD74050020CE
:10684000014B1868704700BF1800002070B5002683
:106850000C4D0D4C641BA410A64209D102F074F833
:1068600000260A4D0A4C641BA410A64205D170BD37
:1068700055F8043B98470136EEE755F8043B984736
:106880000136F2E7A48E0008A48E0008A48E00084A
:10689000A88E0008704770477047034610B5C9B20C
:1068A00002449342184601D1002003E004780133EA
:1068B0008C42F6D110BD2DE9F74F03690C690746EC
:1068C000A3427EDB013CA30000F1140501F1140892
:1068D000009305EB8403019358F8243055F82420E5
:1068E00001339A42B2FBF3F608EB84092ED34FF042
:1068F000000AC446AE46D3465CF8043B98B206FB99
:1069000000A01B0C020C06FB0323DEF8002080B263
:1069100092B2121A5A44DEF800004FEA134A9BB2B0
:10692000C3EB224303EB104392B242EA0342E14538
:106930004FEA234B4EF8042BDED2009BEB582BB9C9
:10694000019B043B9D421A462FD33C61384601F01F
:106950007FF9002825DB2946002058F8042BD1F8C0
:1069600000C01FFA82FE1FFA8CF3A3EB0E03034450
:10697000120CC2EB234202EB1C429BB243EA0243DD
:10698000C1454FEA224041F8043BE6D255F82420A5
:1069900005EB840322B9043B9D421A460BD33C61AC
:1069A0000136304603B0BDE8F08F1268043B002A80
:1069B000CBD1013CC6E71268043B002AEFD1013C71
:1069C000EAE70020EEE700002DE9F04F14461D46EF
:1069D000C76997B08146CDE90645239E7FB910204F
:1069E00000F00EFE0246C9F81C0020B9EF21AC4BA6
:1069F000AC4801F06DFCC0E901770760C760D9F8C9
:106A00001C30196859B15A68012393404A608B6061
:106A1000484600F0EBFE0022D9F81C301A602B1E0D
:106A2000AFBF0023012223F000430793A8BF3360C8
:106A3000DDF81C809C4BB8BF326033EA080312D1EA
:106A400042F20F73229A1360C8F31303234300F03A
:106A50005E85249BDFF854A2002B00F060850AF1CC
:106A6000030300F05ABDDDE90623CDE90C23DDE97F
:106A70000C0100220023F9F797FF074658B10123C4
:106A8000229A1360249B13B1894B249A1360DFF878
:106A900024A200F044BD14AB019315AB009348460B
:106AA000DDE90C2301F084F9C8F30A560390002EA7
:106AB00078D0DDE90C010D9BA6F2FF36C3F313037A
:106AC00043F07F5343F440131297194600227A4B48
:106AD000F9F74AFB6CA3D3E90023F9F7FDFC6CA39B
:106AE000D3E90023F9F742FB044630460D46F9F797
:106AF00089FC69A3D3E90023F9F7EEFC02460B46B3
:106B000020462946F9F732FB04460D46F9F794FF73
:106B100000220746002320462946F9F74FFF40B1DF
:106B20003846F9F76FFC22462B46F9F73DFF00B9CE
:106B3000013F162F54D8DDE90C01604B03EBC7036E
:106B4000D3E90023F9F73AFF00284BD00023013F97
:106B50000F93149B9B1B5A1E49BFC3F101030023D3
:106B600004930023099254BF04930993002F3BDB45
:106B7000099B0E973B44099300230A93209B092B02
:106B800065D8052BC4BF043B2093209BC8BF0024BD
:106B9000A3F10203D8BF0124032B64D8DFE803F07C
:106BA0005355382CDDE914631E4406F23243202B82
:106BB000C1BFC3F1400308FA03F806F2124324FAF6
:106BC00003F3D6BFC3F1200348EA030004FA03F03D
:106BD000F9F708FC0122A1F1F873013E129274E763
:106BE0000123B5E70F90B4E7049BDB1B04937B42C2
:106BF0000A9300230E93C1E701230B93219B07EB1C
:106C0000030B0BF10103012B0893B8BF012306E02E
:106C100001230B93219B002B28DD9B460893002129
:106C20000422D9F81C0002F114059D4226D94160C6
:106C3000484600F09BFD8246002843D1024640F2C0
:106C4000AF111F4BD4E60023E3E70023D5E701246F
:106C500000230B9420934FF0FF3B00221223CDF82A
:106C600020B02192DBE701230B93F4E74FF0010BF7
:106C70005B46CDF820B0CDF884B0D0E701315200AA
:106C8000D1E700BFAFF3008061436F63A787D23FB6
:106C9000B3C8608B288AC63FFB799F501344D33F0B
:106CA000678B00087E8B00080000F07F638B000874
:106CB000378B0008368B00080000F83FD08C0008A6
:106CC000D68B0008D9F81C301860089B0E2B00F2F8
:106CD000A180002C00F09E80002F33DD9C4B07F03C
:106CE0000F0203EBC203F805D3E90034CDE91034F9
:106CF0004FEA271416D5DDE90C01964B0326D3E99C
:106D00000823F9F713FDCDE9060104F00F04914DB6
:106D100054B9DDE91023DDE90601F9F707FDCDE9F6
:106D2000060128E00226F2E7E10708D5DDE91001B7
:106D3000D5E90023F9F7D0FBCDE910010136641045
:106D40000835E5E700F0AF80DDE90C017C42804BBF
:106D500004F00F0203EBC203D3E90023F9F7BCFBF5
:106D600002260023CDE906017A4D2411002C40F0C3
:106D70008F80002BD3D1DDE906450F9B002B00F05F
:106D80009480002220462946734BF9F717FE00280D
:106D900000F08B80089B002B00F08780BBF1000F78
:106DA00034DD2046002229466C4BF9F795FB5C4602
:106DB000CDE9060107F1FF3801363046F9F722FB2D
:106DC000DDE90623F9F788FB0022654BF9F7CEF9D8
:106DD0000546A1F15076002C6AD1DDE906010022BA
:106DE000604BF9F7C1F902460B46CDE906232A4666
:106DF0003346F9F701FE002840F09882DDE90601EC
:106E00002A4606F10043F9F7D9FD38BBDDE90C3419
:106E1000CDE90634159B002BC0F257810E2F00F3ED
:106E200054814B4B03EBC703D3E90034CDE9043461
:106E3000219B002B80F2E580089B002B00F3E18072
:106E40000CD1DDE904010022464BF9F745FBDDE9F1
:106E50000623F9F7C7FD002800F0668200242546C6
:106E6000219B56466FEA030800272146484600F05A
:106E7000BDFC002D00F0BD802FB1AF4203D03946DC
:106E8000484600F0B3FC2946484600F0AFFCB0E0AD
:106E9000E20705D5D5E90023F9F71EFB01230136EA
:106EA0006410083562E7022665E7B846089C84E767
:106EB000274B0B9903EBC40353E9022354440029E5
:106EC00054D000202849F9F731FC33462A46F9F717
:106ED0004BF95646CDE91001DDE90601F9F7ACFDA5
:106EE0000546F9F78FFA02460B46DDE90601F9F788
:106EF0003BF902460B463035CDE90623DDE9102388
:106F000006F8015BF9F75AFD002872D1DDE9062386
:106F100000201149F9F728F9DDE91023F9F74EFDB2
:106F2000002840F0B480A6423FF470AFDDE91001C4
:106F300000220A4BF9F7D0FA0022CDE91001DDE971
:106F40000601064BF9F7C8FACDE90601C4E700BF10
:106F5000D08C0008A88C00080000F03F00002440FE
:106F600000001C40000014400000E03F314628466D
:106F7000F9F7B2FA5646CDE910011394DDE906019E
:106F8000F9F75AFD0546F9F73DFA02460B46DDE9E9
:106F90000601F9F7E9F802460B46303506F8015BC1
:106FA000A642CDE906234FF0000224D1DDE910010D
:106FB000AE4BF9F7DBF802460B46DDE90601F9F7BF
:106FC0001BFD002863D1DDE910230020A749F9F754
:106FD000CBF802460B46DDE90601F9F7EFFC002885
:106FE0003FF414AF139E731E139316F8013C302B1D
:106FF000F8D047463BE09E4BF9F76EFACDE9060123
:10700000BCE75646DDE90645DDE90423204629466E
:10701000F9F78CFBF9F710FD8046F9F7F3F9DDE994
:107020000423F9F759FA02460B4620462946F9F798
:107030009BF808F13004089D06F8014BA6EB0A0402
:10704000A54202460B4633D1F9F790F8DDE9042357
:1070500004460D46F9F7D0FCC0B9DDE9042320460B
:107060002946F9F7A1FC10B118F0010F0ED14846DE
:10707000039900F0BBFB00233370229B01371F6094
:10708000249B002B00F04B821E6048E2B84633463A
:107090001E4613F8012D392A06D19A45F8D130221F
:1070A00008F101088AF800201A7801321A70A0E766
:1070B00000226F4BF9F710FA0022002304460D4618
:1070C000F9F772FC00289FD0D1E70B9A002A00F054
:1070D000EA80209A012A00F3CD80129A002A00F05B
:1070E000C18003F233430A9C049E049A01211A448E
:1070F0000492099A48461A44099200F02BFC05466E
:1071000066B1099B002B09DDB342A8BF3346049A40
:10711000F61AD21A0492099AD31A09930A9B0BB34E
:107120000B9B002B00F0C680002C00F0C08029468D
:107130002246484600F0C6FC039A014605464846EA
:1071400000F01EFC03998046484600F04FFB0A9B66
:107150001B1B0A9300F0B18041460A9A484600F092
:10716000B1FC03900121484600F0F4FB0E9B04465D
:10717000002B00F0D8811A460146484600F0A2FCD8
:10718000209B0446012B00F39F80069B002B40F0C0
:107190009780079BC3F31303002B40F09380079B5A
:1071A00023F000431B0D1B0533B1049B01330493F3
:1071B000099B0133099301230A930E9B002B00F0D6
:1071C000B881236904EB8303186900F077FBC0F1F1
:1071D0002000099B184410F01F0000F08280C0F1CD
:1071E0002003042B73DD049BC0F11C0003440493B3
:1071F000099B064403440993049B002B05DD1A46B2
:107200004846039900F0B8FC0390099B002B05DD6C
:1072100021461A46484600F0AFFC04460F9B002B5F
:1072200061D02146039800F013FD00285BDA0023AB
:107230000A224846039900F0FBFA0B9B07F1FF383E
:107240000390002B00F07781294600230A2248464C
:1072500000F0EEFABBF1000F05466FDC209B022B1D
:1072600049DC6BE0149BC3F136033CE70000E03FD0
:1072700000002440089B5C1E0A9BA34209DB1C1BE8
:10728000089B002BBFF630AF049B089A9E1A002380
:107290002BE70A9B0E9AE31A1A440A94049E0024D0
:1072A000089B0E9221E70A9C049E0B9D28E7DDF8BF
:1072B0000C8051E70A9A039950E7CDF80C8051E70A
:1072C000002379E7069B77E700230A9379E793D0B9
:1072D000049A1C331A440492099A1E441A440992CF
:1072E0008AE70346F4E7089BB846002B20DC9B4660
:1072F000209B022B1EDDBBF1000F7FF4B1AD2146B8
:107300005B460522484600F093FA0146044603987E
:1073100000F09EFC00287FF7A3AD5646312308F10C
:10732000010806F8013B9FE5B846089C2546F4E7AE
:10733000DDF820B00B9B002B00F00181002E05DD55
:1073400029463246484600F017FC05460A9B002BAA
:107350005CD04846696800F009FA064628B902463A
:1073600040F2EF21804BFFF743BB2A6905F10C0186
:10737000023292000C3000F09DFF01223146484657
:1073800000F0FAFB2F4605460AF1010304930AEBCD
:107390000B030A93069B03F001030993049B214608
:1073A000039803F1FF3BFFF786FA03463946303373
:1073B000069003980B9300F04BFC2A460890214658
:1073C000484600F061FCC26806460B9B02BB0146C2
:1073D000039800F03DFC02460B9B31464846CDE940
:1073E0000B3200F003FA209B0C9A049E42EA030140
:1073F000099B19430B9B0DD1392B27D0089A002AE2
:1074000001DD069B31338BF800302EE52846B9E7C5
:107410000122E2E70899002904DB2098014309983A
:10742000014320D1002AEEDD01220399484604934E
:1074300000F0A2FB2146039000F00AFC0028049B08
:1074400002DCE0D1DA07DED5392BDAD139238BF82B
:10745000003033461E4616F8012C013B392A4ED027
:1074600001321A7001E5002A03DD392BEED0013319
:10747000C9E7049A0A9902F8013C8A4228D00023FD
:107480000A220399484600F0D3F9AF4203904FF027
:1074900000034FF00A023946484607D100F0C8F908
:1074A00007460546049B0133049377E700F0C0F9D3
:1074B0002946074600230A22484600F0B9F9054646
:1074C000F0E7BBF1000FCCBF5E4601260027564413
:1074D000012203994846049300F04EFB2146039095
:1074E00000F0B6FB0028B4DC02D1049BDB07B0D46B
:1074F00033461E4613F8012D302AFAD0B5E49A45DA
:10750000A8D1312308F101088AF80030ADE4249BAA
:10751000DFF858A01BB10AF10803249A1360504603
:1075200017B0BDE8F08F209B012B7FF72EAE0E9B8E
:107530000A9301204DE6BBF1000F7FF7D9AE564606
:1075400021460398FFF7B7F900F1300306F8013B35
:10755000A6EB0A029345B4DD00230A2248460399AC
:1075600000F066F90390EBE7D68B00085A8B000811
:1075700038B50546002940D051F8043C0C1F002BBB
:10758000B8BFE41800F0E6F81C4A136833B963602A
:1075900014602846BDE8384000F0E2B8A34208D99C
:1075A000206821188B4201BF19685B6809182160A7
:1075B000EDE71A465B680BB1A342FAD9116850187F
:1075C000A0420BD120680144501883421160E0D1E1
:1075D00018685B68084410605360DAE702D90C232E
:1075E0002B60D6E7206821188B4201BF19685B68C1
:1075F0000918216063605460CBE738BD8005002026
:10760000024B0146186800F025B800BF18000020A2
:1076100070B50F4E0C463168054611B900F03AFEC0
:1076200030602146284600F035FE431C03D14FF060
:10763000FF34204670BDC41C24F00304A042F8D0DF
:10764000211A284600F026FE0130F2D1EFE700BFF4
:107650007C0500202DE9F843CD1C25F003050835F5
:107660000C2D38BF0C25002D064601DBA94204D99C
:107670000C2333600020BDE8F883DFF8D48000F0ED
:1076800069F8D8F800301C4644BB29463046FFF75D
:10769000BFFF431C044658D1D8F800402746002FAE
:1076A00043D1002C4BD023683946304604EB030904
:1076B00000F0F0FD814542D1216830466D1A29461F
:1076C000FFF7A6FF01303AD023682B442360D8F897
:1076D00000305A6862BBC8F800700FE02268521B85
:1076E00020D40B2A17D96119A342256018BF59600D
:1076F000636808BFC8F8001062514B60304600F064
:107700002FF804F10B00231D20F00700C21A1CBF44
:107710001B1AA350AFE76268A3420CBFC8F8002051
:107720005A60EBE723466468AEE73C467F68B6E7FD
:107730001A465B68A342FBD100235360DEE70C23AB
:107740003046336000F00CF894E70560D6E700BFE0
:10775000800500200148FFF79EB800BF7805002093
:107760000148FFF799B800BF7805002070B5C669D9
:1077700004460D4676B91020FFF742FF0246E0614D
:1077800020B96B21174B184800F0A2FDC0E9016633
:107790000660C660E669F36883B1E369DB6853F8A5
:1077A0002500B8B9012101FA05F6721D20469200A4
:1077B00000F0ACFD60B1C0E901560EE021220421C9
:1077C000204600F0A3FDE369F060DB68002BE4D104
:1077D000002070BD026843F825200023C0E9033370
:1077E000F7E700BF678B0008E78B000870B5C66934
:1077F00005460C4676B91020FFF702FF0246E86105
:1078000020B98F21084B094800F062FDC0E90166EC
:107810000660C6603CB1EB696268DB6853F8221011
:10782000216043F8224070BD678B0008E78B000899
:107830002DE9F04107460C461E4600200D6901F176
:10784000140CDCF80030013099B202FB01611E0C0F
:107850000B0C02FB063389B201EB034185424FEA70
:1078600013464CF8041BECDC0EB3A368AB4219DCE6
:10787000616838460131FFF779FF804628B9024632
:10788000BA210C4B0C4800F023FD226904F10C01D5
:10789000023292000C3000F00DFD21463846FFF711
:1078A000A5FF444604EB850301355E612561204652
:1078B000BDE8F081D68B0008E78B00080346B0F5E1
:1078C000803F3ABF030410200020B3F1807F3CBF0B
:1078D0001B020830B3F1805F3CBF1B010430B3F1E1
:1078E000804F3CBF9B000230002B05DB13F0804F24
:1078F00000F1010008BF202070470368024613F022
:1079000007000BD0D90721D4980749BF5B089B0813
:10791000012013605CBF02201360704799B209B95F
:1079200010201B0CD9B209B908301B0A190704BF73
:107930001B090430990704BF9B080230D90703D400
:107940005B0800F1010003D013607047002070470E
:107950002020704710B50C460121FFF707FF0246B3
:1079600028B940F24511044B044800F0B1FC012352
:107970004461036110BD00BFD68B0008E78B00088F
:107980002DE9F04F17460A693B6989469A42A2BF22
:107990003B460F4699463D69D9F810A0BB68796807
:1079A00005EB0A06B34285B0B8BF0131FFF7DEFE32
:1079B00030B902464FF4B171404B414800F088FCA9
:1079C00000F114042346002204EB860E734520D3F5
:1079D00007F1140809F1140108EB850501EB8A038E
:1079E0000293EB1B153B23F0030304331537BD4211
:1079F00038BF04230193029B03918B420CD8002EC5
:107A000003DD5EF8043D002B55D0066105B0BDE8EE
:107A1000F08F43F8042BD9E7B1F800A0BAF1000FBA
:107A20001FD0C446A14600275CF8042BD9F80030CB
:107A30001FFA82FB9BB20AFB0B333B44D9F8007060
:107A4000120C3F0C0AFB027202EB13429BB243EA98
:107A5000024365454FEA124749F8043BE4D8019BCD
:107A6000E750039B0431B3F80290B9F1000F20D026
:107A70004746A4464FF0000A2368B7F800B0BCF8A8
:107A800002209BB209FB0B22524443EA02434CF80A
:107A9000043B57F8043B4FEA134ABCF80030BD42A0
:107AA00009FB0A3303EB12434FEA134AE5D8019A64
:107AB000A35004349FE7013EA1E700BFD68B000826
:107AC000E78B00082DE9F843154612F0030207463C
:107AD0000E4607D0254C013A002354F82220FFF728
:107AE000A7FE0646AD103DD0FC697CB91020FFF71B
:107AF00087FD0246F86128B940F2B3111C4B1D48BE
:107B000000F0E6FBC0E901440460C460D7F81C80C3
:107B1000D8F808404CB940F271213846FFF71AFFF7
:107B200000230446C8F8080003604FF00009EB0783
:107B30000AD5314622463846FFF722FF80463146B5
:107B40003846FFF753FE46466D100BD0206838B913
:107B5000224621463846FFF713FF2060C0F8009008
:107B60000446E4E73046BDE8F88300BF988C00087F
:107B7000678B0008E78B00082DE9F0470C460746A5
:107B800091462369496803EB6218A3684FEA621AB9
:107B900008F10106B3420BDB3846FFF7E7FD054667
:107BA00048B902464FF4EF71274B284800F090FB8C
:107BB00001315B00EEE7002300F1140100F1100237
:107BC0001846534533DB20692AEAEA7A04F11403A4
:107BD00019F01F0901EB8A0103EB800C2BD08A46B8
:107BE0000022C9F1200E186800FA09F010434AF883
:107BF000040B53F8042B9C4522FA0EF2F3D8ACEB9D
:107C00000403153B23F00303043304F1150060451E
:107C100088BF0423CA500AB108F10206013E384663
:107C200021462E61FFF7E2FD2846BDE8F08742F8C5
:107C3000040F0133C5E7043953F8042B9C4541F880
:107C4000042FF9D8EAE700BFD68B0008E78B0008BD
:107C500003460A69006930B5801A0ED11433143115
:107C600003EB820401EB820154F8045D51F8042D0A
:107C7000954203D005D24FF0FF3030BDA342F3D37D
:107C8000FBE70120F9E700002DE9F74F894606469A
:107C9000114648461446FFF7DBFF051E12D1294660
:107CA0003046FFF763FD024628B940F237213E4BCC
:107CB0003E4800F00DFB0123C0E90435104603B037
:107CC000BDE8F08FBCBF4B46A1463046D9F8041042
:107CD000BABF1C4601250025FFF748FD024618B92A
:107CE00040F24521304BE3E700F1140BD9F8107056
:107CF00009F11003C5604FF0000C09F11405D946D5
:107D0000266904F1140E05EB87080EEB8606019335
:107D1000019B5EF8040B53F804AF81B201931FFA84
:107D20008AF35B1A000C6344C0EB1A4000EB23405B
:107D30009BB243EA004376454FEA204C49F8043BA6
:107D4000E6D8331B153B23F0030315340433A64256
:107D500038BF04231D445B441E462C4644450ED3C5
:107D600008F10301491B21F00301033DA84538BF79
:107D700000210B4453F8041D99B117619EE7E646B4
:107D800054F8041B1FFA81FCF444080C714400EB06
:107D90002C4089B241EA00414FEA204C46F8041BCE
:107DA000DCE7013FE6E700BFD68B0008E78B000861
:107DB0002DE97343012190469946089EFFF7D6FCB2
:107DC000044630B9024640F20F31234B234800F0FD
:107DD0007FFAC9F30A55C9F313030DB143F48013B5
:107DE0000193B8F1000324D068460093FFF785FDA6
:107DF000DDE90012D8B1C0F1200302FA03F30B430E
:107E0000C24063610192019B002B0CBF0122022240
:107E1000A3612261ADB1A5F2334505443560C0F1DF
:107E20003500099B1860204602B0BDE8708361618F
:107E3000E9E701A8FFF761FD019B012263612030A2
:107E4000E7E7A0F2324004EB820330601869FFF7E5
:107E500035FDC0EB4210E4E7D68B0008E78B000845
:107E60002DE9F0471F468E688246BE420C4690467A
:107E70000B682DD8B1F90C2012F4906F26D06569EB
:107E8000096905EB4505A3EB010905EBD5757B1CDD
:107E90004B446D109D4238BF1D46530527D52946DA
:107EA000FFF7D8FB064660B34A46216900F002FAA4
:107EB000A38923F4906343F08003A38126614E4499
:107EC00026603E466561A5EB0905A560BE4200D966
:107ED0003E4632464146206800F0C2F90020A368C1
:107EE0009B1BA360236833442360BDE8F0872A46C8
:107EF00000F032FA06460028E0D150462169FFF72B
:107F000037FB0C23CAF80030A3894FF0FF3043F051
:107F10004003A381E9E700002DE9F04F98468B89E3
:107F200007461B060D4614469DB010D50B6973B964
:107F30004021FFF78FFB2860286130B90C233B609C
:107F40004FF0FF301DB0BDE8F08F40236B61002380
:107F5000099320238DF8293030234FF00109CDF803
:107F60000C80DFF898818DF82A3023469A4613F862
:107F7000012B0AB1252AF9D1BAEB040B0BD05B46D1
:107F8000224629463846FFF76BFF013000F0A780F4
:107F9000099A5A4409929AF80030002B00F09F8009
:107FA00000234FF0FF32CDE905230AF1010A0493C3
:107FB00007938DF853301A935446052214F8011B89
:107FC0004E48FEF76AFC049AD8B9D00644BF202375
:107FD0008DF85330110744BF2B238DF853309AF896
:107FE00000302A2B15D0544600204FF00A0C079A77
:107FF000214611F8013B303B092B4BD9B0B1079218
:1080000014E0A0EB080309FA03F31343A246049318
:10801000D2E7039B191D1B680391002BBBBF5B427A
:1080200042F0020207930793B8BF049223782E2BE5
:108030000AD163782A2B32D1039B02341A1D1B68A4
:10804000039243EAE3730593DFF8B4A0032250469A
:108050002178FEF722FC38B14022049BA0EB0A00F5
:10806000824013430134049314F8011B062225486F
:108070008DF82810FEF711FC002836D0224B1BBBD0
:10808000039B073323F0070308330393099B33440F
:1080900009936AE70C4601200CFB0232A8E7002393
:1080A0004FF00A0C194601340593204610F8012BB5
:1080B000303A092A03D9002BC6D00591C4E70446FB
:1080C00001230CFB0121F0E703AB00932A4638465D
:1080D0000E4B04A9FDF77EFE421C0646D6D1AB89A5
:1080E0005B063FF52DAF09982CE703AB00932A46BA
:1080F0003846064B04A9FEF70BF9EDE7408C000863
:10810000468C00084A8C0008D55D0008617E000896
:10811000B1F90C20F8B5160705460C4654D44B6847
:10812000002B02DC0B6C002B48DDE66A002E45D0EC
:10813000002312F480522F68216A2B6030D0626DC8
:10814000A389590705D56368D21A636B0BB1236CF9
:10815000D21A00232846E66A216AB047431CA38945
:1081600006D129681D292BD8284ACA40D60727D509
:10817000002262602269D904226004D5421C01D128
:108180002B6803B96065616B2F60B9B104F14403DA
:10819000994202D02846FFF7EBF9002363630DE014
:1081A00001232846B0470246501CC9D12B68002B3A
:1081B000C6D01D2B01D0162B1DD12F60002021E031
:1081C00043F040031BB21AE00F69002FF6D093076B
:1081D00018BF00230E6808BF4B69F61B0F608B6049
:1081E000002EEBDD33463A462846216AD4F828C0F3
:1081F000E047002807DCB4F90C3043F040034FF0AF
:10820000FF30A381F8BD0744361AE9E7010040209A
:1082100038B50B6905460C4613B90025284638BD0C
:1082200018B1036A0BB9FEF71DFAB4F90C30002B34
:10823000F3D0626ED00704D4990502D4A06DFEF786
:108240002AFB28462146FFF763FF636E0546DA07DF
:10825000E4D4A3899B05E1D4A06DFEF71DFBDDE707
:10826000884210B501EB020402D98442234607D8A4
:10827000431EA14208D011F8012B03F8012FF8E7A3
:10828000014602448A4200D110BD13F8014D02F8A4
:10829000014DF7E738B50023054D044608462B602D
:1082A000FAF78AFD431C02D12B6803B1236038BD65
:1082B000740500200A44914200F1FF3300D1704759
:1082C00010B511F8014B914203F8014FF9D110BDDF
:1082D0001FB514461A46094B05461B68D8684CB1B1
:1082E000074BCDE9013400912B46064900F070F8A8
:1082F00000F080F8044B1C46F3E700BF1800002094
:108300005B8C0008688C0008968C000870B5A1FB97
:10831000025434B92946FFF79DF9064628B930467C
:1083200070BD0C2200260260F9E72A462146FEF7BE
:1083300034FAF4E782B001B901A942B14BB1137824
:108340000B601278101E18BF012002B07047104653
:10835000FBE76FF00100F8E72DE9F041074614460E
:108360000D4621B91146BDE8F041FFF773B92AB9AE
:10837000FFF7FEF825462846BDE8F08100F041F8F9
:108380008442064602D8B4EB500FF4D82146384652
:10839000FFF760F9804608B94546ECE7B44222464B
:1083A000294628BF3246FFF785FF29463846FFF7A2
:1083B000DFF8F1E70346084641B1FF2A04D98A22D3
:1083C0004FF0FF301A60704701200A7070470000BC
:1083D0000EB403B5014603AB054853F8042B0068FF
:1083E000019300F03DF802B05DF804EB03B0704774
:1083F00018000020062008B500F006FA0120FAF760
:1084000066FC51F8043C181F002BBCBF0B58C01869
:108410007047936810B4013B002B936007DA9469AE
:10842000A34201DB0A2902D110BC00F031B9136864
:10843000581C10601970084610BC7047F8B5064605
:108440000F461446D518AC4201D1002007E03A4649
:10845000304614F8011BFFF7DCFF431CF3D1F8BDD5
:108460002DE9F04F0D461446984606469DB018B1CA
:10847000036A0BB9FEF7F6F86B6ED90705D4AB8922
:108480009A0502D4A86DFEF706FAAB891B0701D541
:108490002B699BB92946304600F038F970B16B6EF4
:1084A000DC0704D54FF0FF301DB0BDE8F08FAB897D
:1084B0009805F7D4A86DFEF7EFF9F3E700230993C9
:1084C00020238DF8293030234FF00109CDF80C809E
:1084D000DFF8A8818DF82A3023469A4613F8012B3D
:1084E0000AB1252AF9D1BAEB040B0BD05B46224620
:1084F00029463046FFF7A2FF013000F0A780099A15
:108500005A4409929AF80030002B00F09F80002313
:108510004FF0FF32CDE905230AF1010A04930793D6
:108520008DF853301A935446052214F8011B534812
:10853000FEF7B3F9049AD8B9D10644BF20238DF8C9
:108540005330130744BF2B238DF853309AF8003073
:108550002A2B15D0544600204FF00A0C079A2146CA
:1085600011F8013B303B092B4BD9B0B1079214E015
:10857000A0EB080309FA03F31343A2460493D2E7DE
:10858000039B191D1B680391002BBBBF5B4242F08C
:10859000020207930793B8BF049223782E2B0AD1C7
:1085A00063782A2B32D1039B02341A1D1B68039275
:1085B00043EAE3730593DFF8C8A00322504621780D
:1085C000FEF76BF938B14022049BA0EB0A00824011
:1085D00013430134049314F8011B062229488DF833
:1085E0002810FEF75AF900283FD0274B1BBB039BEE
:1085F000073323F0070308330393099B3B44099394
:108600006AE70C4601200CFB0232A8E700234FF07A
:108610000A0C194601340593204610F8012B303A14
:10862000092A03D9002BC6D00591C4E704460123CB
:108630000CFB0121F0E703AB00932A463046134BB5
:1086400004A9FDF7C7FB0746781CD6D16B6ED90786
:1086500005D4AB899A0502D4A86DFEF71DF9AB8944
:108660005B063FF51FAF09981EE703AB00932A4650
:108670003046064B04A9FDF74BFEE4E7408C0008AA
:10868000468C00084A8C0008D55D00083D8400082F
:10869000F8B50E461446054618B1036A0BB9FDF746
:1086A000E1FFA369A360A3891A0701D5236943B930
:1086B0002146284600F02AF818B14FF0FF37384617
:1086C000F8BD23682269F6B2981A63693746834277
:1086D00005DC21462846FFF79BFD0028EDD1A36865
:1086E000013BA36023685A1C22601E706269431C10
:1086F0009A4204D0A389DB07E1D50A2EDFD12146B7
:108700002846FFF785FD0028D9D0D6E738B5294B94
:10871000054618680C4618B1036A0BB9FDF7A2FFAD
:10872000B4F90C30190722D4DA0607D409222A60DA
:1087300043F040034FF0FF30A38133E0580712D5D8
:10874000616B41B104F14403994202D02846FEF71F
:108750000FFF00236363A38923F02403A381002375
:10876000636023692360A38943F00803A38123691D
:108770004BB9A38903F42073B3F5007F03D02146DE
:10878000284600F082F8B4F90C3013F001020AD048
:108790000022A26062695242A261226942B913F0CA
:1087A0008000C5D138BD990758BF6269A260F4E75F
:1087B0000020F7E7180000201F2938B505460C46B1
:1087C00004D9162303604FF0FF3038BDC26B12B1DD
:1087D00052F821304BB9284600F030F822460146C5
:1087E0002846BDE8384000F017B8012B0AD0591CC4
:1087F00003D1162303600120E7E70021204642F859
:10880000241098470020E0E7024B01461868FFF764
:10881000D3BF00BF1800002038B50023064D044622
:10882000084611462B60FAF742FA431C02D12B6826
:1088300003B1236038BD00BF74050020FAF730BAD9
:1088400070B50C46B1F90E10154600291E4696B0BB
:108850000CDAA389002113F0800F14BF40234FF4DA
:108860008063002031602B6016B070BD6A4600F056
:1088700049F80028EDDB019901F47041A1F500539E
:10888000594259414FF48063EBE78B89F7B59D0757
:1088900006460C4607D504F14703236023610123F4
:1088A000636103B0F0BD6A4601ABFFF7C9FF009FEB
:1088B000054639463046FEF7CDFE48B9B4F90C30CE
:1088C0009A05EED423F0030343F00203A381E2E709
:1088D000A389C4E9040743F08003A381019B2060BE
:1088E0005BB13046B4F90E1000F01EF828B1A38930
:1088F00023F0030343F00103A381A3891D43A58152
:10890000CFE7000038B50023064D0446084611465F
:108910002B60FAF72BFA431C02D12B6803B12360BA
:1089200038BD00BF7405002038B50023054D04464E
:1089300008462B60FAF729FA431C02D12B6803B1D1
:10894000236038BD74050020F8B500BFF8BC08BC32
:108950009E467047F8B500BFF8BC08BC9E467047FD
:108960000D0A3D3D3D20F09FA7AD204B48E1BB9E49
:108970004920C490E1BB984E472043C3824E204813
:1089800058373131203D3D3D0D0A00005472E1BBA6
:108990008D6E67206CC6B0E1BBA36E672062616E0E
:1089A00020C491E1BAA7753A20252E326620670DC2
:1089B0000A000000E29AA0EFB88F205068C3A174AB
:1089C000206869E1BB876E206CE1BB87636820C4C7
:1089D0009169E1BB836D203020E286922074E1BB77
:1089E000B120C491E1BB996E6720746172652E2E2F
:1089F0002E0D0A00E29C852043C3A26E2073E1BACB
:108A0000B56E2073C3A06E67210D0A0D0A00000029
:108A10005472E1BB8D6E67206CC6B0E1BBA36E677C
:108A20003A20252E326620670D0A00003D3D3D208C
:108A30004C494E452053454E534F522054455354B4
:108A4000205354415254203D3D3D0D0A000000008A
:108A5000E29EA1EFB88F2020C490616E67207175EF
:108A6000E1BAB96F207472C3A1690D0A0000000059
:108A7000E29EA1EFB88F2020C490616E67207175CF
:108A8000E1BAB96F207068E1BAA3690D0A0000006D
:108A9000E29EA1EFB88F20204368E1BAA17920744B
:108AA00068E1BAB36E67207469E1BABF70203573AC
:108AB0000D0A0000F09F9B91202044E1BBAB6E6744
:108AC0002068E1BAB36E0D0A00000000565F7472B0
:108AD00061693A20252E3266206D2F73207C205646
:108AE0005F506861693A20252E3266206D2F730D24
:108AF0000A00000004030201000000000000000062
:108B0000000000000102030406070809000000003D
:108B10000102030402030405060708090A0B0C0DF1
:108B20000E0F10100102494E4600696E66004E415C
:108B30004E006E616E0030003031323334353637DE
:108B400038394142434445460030313233343536BA
:108B500037383961626364656600496E66696E69BB
:108B60007479004E614E005245454E54206D616C43
:108B70006C6F6320737563636565646564002F6261
:108B800075696C642F676E752D746F6F6C732D66CD
:108B90006F722D73746D33325F31332E332E7265E5
:108BA0006C312E32303234303932362D3137313566
:108BB0002F7372632F6E65776C69622F6E65776CA9
:108BC00069622F6C6962632F7374646C69622F64CD
:108BD000746F612E630042616C6C6F632073756308
:108BE000636565646564002F6275696C642F676EE8
:108BF000752D746F6F6C732D666F722D73746D337A
:108C0000325F31332E332E72656C312E3230323476
:108C1000303932362D313731352F7372632F6E650F
:108C2000776C69622F6E65776C69622F6C6962631D
:108C30002F7374646C69622F6D707265632E6300AC
:108C4000232D302B2000686C4C0065666745464735
:108C5000004300504F534958002E002C2066756E7B
:108C60006374696F6E3A2000617373657274696F23
:108C70006E2022257322206661696C65643A206645
:108C8000696C6520222573222C206C696E65202575
:108C900064257325730A0000050000001900000018
:108CA0007D000000000000000080E03779C34143F0
:108CB000176E05B5B5B89346F5F93FE9034F384D42
:108CC000321D30F94877825A3CBF737FDD4F1575EE
:108CD000000000000000F03F000000000000244001
:108CE00000000000000059400000000000408F40DC
:108CF000000000000088C34000000000006AF84047
:108D00000000000080842E4100000000D01263416A
:108D10000000000084D797410000000065CDCD41E0
:108D2000000000205FA00242000000E876483742C1
:108D3000000000A2941A6D42000040E59C30A2425F
:108D40000000901EC4BCD64200003426F56B0C43D4
:108D50000080E03779C3414300A0D885573476437B
:108D600000C84E676DC1AB43003D9160E458E143DC
:108D7000408CB5781DAF154450EFE2D6E41A4B4451
:108D800092D54D06CFF08044F64AE1C7022DB54496
:108D9000B49DD9794378EA44002020202020202067
:108DA000202028282828282020202020202020209B
:108DB00020202020202020202088101010101010AB
:108DC00010101010101010101004040404040404F7
:108DD0000404041010101010101041414141414191
:108DE0000101010101010101010101010101010173
:108DF0000101010110101010101042424242424283
:108E00000202020202020202020202020202020242
:108E100002020202101010102000000000000000EA
:108E20000000000000000000000000000000000042
:108E30000000000000000000000000000000000032
:108E40000000000000000000000000000000000022
:108E50000000000000000000000000000000000012
:108E60000000000000000000000000000000000002
:108E700000000000000000000000000000000000F2
:108E800000000000000000000000000000000000E2
:0C8E9000000000000000000000000000D6
:088E9C00B472FF7F0100000029
:048EA400350100088C
:048EA80011010008AC
:108EAC0000127A0010000000010000000000000019
:108EBC0003000000380400201C000020000000000B
:108ECC0038040020A0040020080500200000000049
:108EDC000000000000000000000000000000000086
:108EEC000000000000000000000000000000000076
:108EFC000000000000000000000000000000000066
:108F0C000000000000000000430000000000000012
:108F1C000000000000000000000000000000000045
:108F2C0000000000000000004300000000000000F2
:108F3C000000000000000000000000000000000025
:108F4C0000000000000000004300000000000000D2
:108F5C000000000000000000000000000000000005
:108F6C0000000000000000004300000000000000B2
:108F7C0000000000000000000000000000000000E5
:108F8C000000000000000000430000000000000092
:108F9C0000000000000000000000000000000000C5
:108FAC000000000000000000430000000000000072
:108FBC0000000000000000000000000000000000A5
:108FCC000000000000000000430000000000000052
:108FDC000000000000000000000000000000000085
:108FEC000000000000000000B58300083583000875
:108FFC0000000000988D0008598C0008968C000821
:10900C00968C0008968C0008968C0008968C0008AC
:10901C00968C0008968C0008968C0008968C00089C
:10902C00FFFFFFFFFFFFFFFFFFFFFFFFFFFF000042
:10903C0001004153434949000000000000000000BA
:10904C000000000000000000000000000000000014
:10905C00000041534349490000000000000000009B
:10906C0000000000000000000000000000000000F4
:04907C0000000000F0
:0400000508002E3190
:00000001FF
